AccountAddress,Amount
account_rdx16y0tuf9vyc8vj2lyt9s596u4vjn0e0g4nv0y44vhkacv7w0qthuh3z,4765.0627382367271565625006931
account_rdx16y0rueqqkyvkhc0cyr2x7cdktdkpy4dzhmzxja5xtwnw76fu3pfjpa,2779.6203759732743333817953836
account_rdx16ympypu5flyryrp360xpkj7svh75yqt9twg3hmkkxdpk79r97t6ln9,1985.4428075986363152343752894
account_rdx1686dqdyg6qvkcttqu6kspvltperaenl7c8ef0tcpeczahk7a296nvd,1647.9175303068681416445314896
account_rdx168hpuepvs6qgrzeg9hvwmeea9f0nj0wsgmtl0t085qjk3p5j55xdm9,1548.6453899269363258828127253
account_rdx16ytpkj9av6jtaetcrspk02jf7kge8mhap7vu4gzqs5hl369u4sggag,1191.2656845591817891406251740
account_rdx169c0rtcg82l3vqrmvxd4cvzdp2ufkcfctcngpelgwwzn2gu9ruydmf,1072.1391161032636102265626567
account_rdx16x05pwge28qd2ah630pss5jdy099g8z7a4w7m78w9aeqkm2a6xfjfu,818.7966138536776164026563694
account_rdx169kq4ma0kra6mxj033azqetvpakxsgd4f367wjp2auteuksclg7sfu,698.47877971320025569945322595
account_rdx16ym3pg2evcp3rm6v8glq9ll96k08hzf8gkuv2wmep56sqzrz70w9de,579.35221125728207678539070908
account_rdx12yj5c5j3zhkd4hnx567e03stwgyy7vqgfaw5lh3uukdz5vtavf4pfj,488.41893066926453354765632170
account_rdx16yh7xp9ew4jlffxlpyvvql48rrn6tp479r6g5djvamdpzm45q8nryg,398.47837148504630846753912089
account_rdx169wmrcer4zzgrndvkfr5fspm6s2t7cuuad9l2gqdzq397rsu3n2dyd,397.08856151972726304687505798
account_rdx168tcu9t4lqhdnde94s52s9hau3lvkg5mlxd3qpylad7u02m7g07t9h,397.08856151972726304687505798
account_rdx169lr227xdfhvnrckxypw56fhfckyw5hjrhmfr8k2wah46jrq8g2w2q,397.08856151972726304687505798
account_rdx16x0s44zry5hn9hacquzxjwjfy5dvevklrmdu48hcjvylun3g3mm58q,361.05277456181201392537114609
account_rdx16xuappcf4zj5ypkqvmk2c2ppkssutem960j4uak4n6f89hxfutda6y,317.67084921578181043750004709
account_rdx12xtwewr6zmmdd64dfq2l8c2k2jk7wnmlpcy3xnwd8qreuvna653qq7,299.36387526403782442924996597
account_rdx16y9w9mwxuh09zf73jszsfces2mnxzzjuuynqhmag6grvyzph4tk7zs,298.31776572779881238863121330
account_rdx168evymwhuz6se3w3v889g36rq2304rfg3dmdfz6uv3xlyjr0z77zue,291.50271301163178380271097972
account_rdx16yprw0dwecchcwsp3huuy9gq60cpz6zy6gxn97xmc7ruqhx6nns60g,289.89660940912581701627927855
account_rdx128l87v002wp23hjy9jzky2z0ncu4hwlj82sklke5mzmyxxg2430psf,284.83559606371556305615394751
account_rdx12yavmr89ujpjm9qeurn0rjkw4tlh0dmk4ssxmtq40l0qwg4l77fhwp,256.12212218022408466523441140
account_rdx12xdpxkvnu99k56mt2mz2werha5nq98v4t2cffzrtv2yghc36rg0qfz,243.69057295415714302671430764
account_rdx169zzvkdkcgdn97crz65yq47jpnlaga3acpntfkvh8eym4nnqaa9pdj,242.26373138318560318489847315
account_rdx1686vkn8cxg2xmqkhmrygj2r2xt8g0xdjt4xa2dltu7yne0r95mnhsk,222.36959445104726730625003268
account_rdx128wgvc6dw9jwnxeehs5d728mzhyhuwxwqrxw2yhd5qch7h75fvsnaf,220.13636838106032117887440673
account_rdx169mh2xx94mf3phdd6j32cnfsss0fqvyalx55t9xa7tequ9vr6u7h6s,212.44238041305408573007815610
account_rdx16yqvc0yvmz5rfld6ffwkzuww55pc4njxr6ptqegvudq3r3xlraq27c,198.54428075986363152343752779
account_rdx1698ft7xfrf5g3le9wwpx9alj8rjmh25grd3wtv0dmjcwg30hlan9ye,183.05782686059426826460940169
account_rdx128ycz3nacsuuwpswc42s7snrag9ms4ngtur2gutu725ya68un5nna3,178.68985268387726837109377599
account_rdx16806tszy6h3zenmfj200c49r2hvfjcy7hukwxlc35g4z3dgpdu5d30,159.14872748292997002929400785
account_rdx12x3kvk42eate3hc9c30elpshwl78p87ne7vq2yyvx4cqfk9vsp3p40,148.51112200837799637953127200
account_rdx16x06uxsca5g7m7equf3fvu5v5syytjpf55vvq4d5n32mjdw0z4hsct,140.56935077798345111859377128
account_rdx16xm0a38d25gz6n3qxaweh57glk5vtku4f6y0rqhq9787julf63hux5,138.98099653190454206640626935
account_rdx128auw89cnp90g36kzny9wkkrde35zg3z55l94djx8xarr4999wujuh,135.57238831981920324041189425
account_rdx16xm0z377gd0mqkmmlsc28v2snmzp8nhqllh99f895x3cmz2gsdmhms,131.43631386302972406851564396
account_rdx12ynysa7t547naukglgcgz8xlkh05jnq69mz3534m9psmmnpmfr55c9,122.30923327649879292738322089
account_rdx16y6spuy7pvxj3v9ruezge6dvnvjkjja70wmv8fa4c73n4csl9p3pr5,119.12656845591817891406251722
account_rdx168d0sgafsnmzphqzxu40x24mz8td3q5lfk2qut6w2h7nhwp9myxhel,99.27214037993181576171876475
account_rdx16y6jdwpgrr8aqssxr5akdmlkf3qwzcrac6m68ujn0w9nlah5glmsra,98.82422448253756340900189012
account_rdx169heanxencs3cmq5q2uwl4qm6gphqe37rkm9v2y3qkh6w4vjj9x2aj,97.14771657580127490441798257
account_rdx1699rkldf0j9pgwutx2e7maadjmzvaphhd6ffk7qr6qxt079zsxzd2a,95.85717875086216129951563833
account_rdx16xap26hyc2m0wghp2q4e3wjedjj63vxcdccvrhz3ymyhh82m9tq252,95.49979904549440676277345103
account_rdx16ydvslr8f5zmc5efx3jaq0wx9w7ktlvlp0kjzh5kaytscug8uxxsk2,95.32380326447404625222489532
account_rdx16xrcwmz4sv9m42vjru2ashlmnjce0lt938060s9cy22lxtt6jt3x0t,93.17286007498880500131876396
account_rdx169g7tp4gzztn5ugvqq8vmgy7t9vjvd2jjfu4l9w795z9v5e3004q2m,92.91872339561617955296876391
account_rdx16xax6r5y3frpwqfjln9xdauqn4q2kx32mjpqwhjfsxaa5qns08g409,91.33036914953727050078126370
account_rdx16xet2vwd69kwurwcsrmynngf0crf3ndqr5dzqh2kunhvlrtr0jsj80,91.33036914953727050078126370
account_rdx16y9kpr4ndfhhhacuqwdrm2wzxrn9005swr39thvlej6kyqs4dr9uwk,91.33036914953727050078126370
account_rdx168kcedu0hnxh58zuu0cch55ccg3e9asjrzp8fkey3wnzrr7kjayr7p,87.35948353433999787031251334
account_rdx1682u83xrhq5qy4w5y4d5wdf774pswk92j3fucwfp9w4qv6muwrwc9l,87.35948353433999787031251334
account_rdx12x9tyylta69mclr78p4puw9ns6vnjtqeln7nj5l7n7gx0znkh3ezkg,84.04379404565027522387110659
account_rdx12yn6jd8drn3v69p672hcnxsfmrk2xcu2qey74rlz7l6hu6se66lmx5,80.63677418781101530692891872
account_rdx168raudh2avum7pdktvtta894f4h93kqkpkhslwzacw7tp0rf9s3nx2,79.41771230394545260937501092
account_rdx168azu0e0d60z233wsxxma5lnzv6apftdp84l5knr68ju9ykpjsq8wd,79.41771230394545260937501092
account_rdx16xejq22437qge68mgvr553vswtluy39prkwfyp22pksnpn2nqdx0kw,79.41771230394545260937501092
account_rdx16xndxz20sues7agvhgmpsu0v934d0pclr40j42u643zj8d0cdep527,79.41771230394545260937501092
account_rdx168g9kkamqznzyu9ztrya2n08fz58ctzl0xck6w06n788qj4yh5u5em,79.41771230394545260937501092
account_rdx16y2rmcq2vu943l6y9aqpgkvauzflpsahf5n0rdv5j2m858pe4mp54j,79.41771230394545260937501092
account_rdx16ycjthvxh9u2lmlsdft3gh6zu3wclt2xd7n7zup3jh6a5yj86ykzzu,77.789649201714570830882823036
account_rdx16xh4ptvad4a6lu5w9ash2j53s2s5tcu2tryyrd3j4cq3j3ch3xka9q,77.432269496346816294140635394
account_rdx16y3grtru2f0k49zd9svzlerf6e0e84468hjltg4tv42azpf6vkud9g,74.235706576113011826613292676
account_rdx12yjjm6akwvlqs7jd6praqzgayzahuurskdkkz3lpq4yas9ndq4f52h,71.475941073550907348437509860
account_rdx16ynf0tn69hhmjtc4w0ek5tvguu2f9re6qtcg0msgf03y43aw2m0lq5,71.475941073550907348437509860
account_rdx16ya0wrp60nqq8mry4tcwz7wjw9fzkyeqz57zmepv08l667tzmrv7mj,68.604472439423518468287947168
account_rdx16x9p4prrvkq40m824zvfrhfh0qac3r22c3eyd2r2ejgc6fkdq9t39w,67.505055458353634717968759844
account_rdx16xyc7lwtu4s2sglwpzlvmquxlx0eqd3h0ra3r7xrkedlvlea7x5n5p,66.790296047618125644484384902
account_rdx169nzfv8ehea4gdas8eswac5jeeacc5s7ycnsjf04sq9srzn0w4ylzf,65.122524089235271139687508674
account_rdx169rchaadyv5wujctdz6wefj8ct28egdvr3gcuku9ll0ec6egjs32zm,64.507036818879693881964853414
account_rdx128vac5l5zgvadgysh6zpjudkrc0dz9sw0cumpkxc8mmefxvkgd56vl,64.129802685435952982070321424
account_rdx12ya90t6ydglh7e6wvxcwg7llcyhf76kdzmhaf9t30dm6m00mw6r5x2,64.050523954128539434003014252
account_rdx12ytf7rnjmucuhm2d2axkqlv688ycr8gvuc9fjcmsusw3gr0fkxw6nn,63.534169843156362087500009146
account_rdx128khs8a93h3e7h8lq2aseec94jcalkvcakhzscl26vuhde9qjdq6d8,62.025231919571433168876463662
account_rdx16xm53g9z2m5yaq85dxv5y02m3ywq23yc2hlta6rzdr0yrqlsuzny6p,61.945815597077453035312508932
account_rdx169vwxkklyurz0wxulgpx4v0zxv3ezzajlv2ynslcccs2vamwatewpy,61.941844711462255762682041018
account_rdx169rkjtzpxtydetuk2jy8vn36jl8vknajyngc8qlh0zz5nhkqx8dfcl,61.747271316317589403789070594
account_rdx168munrsftc470ap0wwvtcjugjtutqgyt0439s8epxuzyh22cttxzjg,61.548727035557725772265633962
account_rdx129ujtkhg9x3ekwy3f8f63663y5qpr23plljrv429h890pvyn7nwd90,59.861100649098884904316414412
account_rdx1290wpy6ykfr2qmeeacxjdrukslr6padgc8uckw4gxny8w2qxmnpxq6,58.967651385679498562460946506
account_rdx169jjmlwtrw5sulrukrgp5ng9jp96hrss5w0j4t09x5cvnzgj8vh9rc,58.372018543399907667890634224
account_rdx168uvufanql3g24pfrxfj80vlmyj9thmmw7uf7dq7afywazhn2hm0fj,57.180752858840725878750008297
account_rdx169aq5yrxquyyzcux6q4t9t0y67d0qv6crs3ctjz3t8ce4clwhcy6y2,56.944882253298007884500163654
account_rdx168muew5wuy0kks8unpwvpusy4hkh62v58ddefwh202ejp2qxdxtjyj,56.812254673750418978642507972
account_rdx1686452yzghd6d44630ku6afky7k3n3t6vj2d3ajhj263kvhk95u6uf,56.386575735801271352656258702
account_rdx16ydkfmws0zk9yygntxmqqqyss89v5km9a9twjp0k696lr7wmmh590v,56.049050458509503179066414724
account_rdx16838hpfqw4nt7pkj53lu23cvdkxec85q20re7s9nzjx9z9fssjz9cv,55.036474626634198658296882106
account_rdx16xmcnavfkhypq3xau34lmpfllshzpu4yzdtmkerfj6q0tjqvttrq3n,53.924626654378962321765632197
account_rdx1292yg4dsfjqf347nvdlwms9p5cnuqndrzxh3ulgpuyme0e067avdfj,52.415690120603998722187508344
account_rdx12xazk6kyfvvg3anszhge88f63nlsa62rd9dupvnfgpvmwwf29h7yzh,51.621512997564544196093757730
account_rdx16974xpkq2mrfr5zmj5rhymzeyttv7t53x8us4q66kkj4s3vgrk2c06,50.827335874525089670000007108
account_rdx16xg08nhs95frg4fym7g8q4s3s4y0al8fpg6dfyw90gcak8jjm9qeqj,49.292191495689824071060788952
account_rdx16xdcqs2dexdhd33mw79jklqaqn02n9m0p6p97u88qn52chupsqd583,47.650627382367271565625007372
account_rdx12xcypwrnfl4pzlj0a0s7n2em7cw52x2wr3gjnn0n55fnk0x8fezkg0,47.650627382367271565625007372
account_rdx1682m3q6njm37alnplrwmjpmjdg0m6dt6ar8a9zm2em344xaygg3d2p,47.253538820847544302578131718
account_rdx168y60w9u6cenh6wq42hvhejdkl2yuun3rjj0m23qy5qr3jgdxvj3ym,46.459361697808089776484381101
account_rdx16xz79r5j2arvu0kv9y3jy38h7r7cc74x3dzjejww6emlxq9eks722s,42.885564644130544409062505710
account_rdx1299uka3gqpmxyv6ees4wt0a8vvhnnuqf706y6saszhl9dduagrgwnz,42.570162872409162741936252478
account_rdx16xv3fprttahs7vjmxw594hhydfd63pcwjd7ce6yudvptewqnpa6ahr,42.091387521091089882968757141
account_rdx16xdxkfsrv6cwweahfu79tkgs20r080lzfcs22wfg3mnlt5zwm75seq,41.515609106887485351550787502
account_rdx12xe4fpe44z9ysfg2h8kz3lpukuzahfqpl0647r09hvjax038d7rsr3,41.217527960040008762461727580
account_rdx16ycdmaef2t8pvtpp2th8ynvdnk89j5934ft7zqe7n600y30f8f2ty2,40.984267166122738963313162314
account_rdx16yq3a9rjyt9aq6ldat7skkatkl7xtxq06vlqs9w6v3dpwjmpe7uumz,40.919976264607894456980473852
account_rdx168uwvamlsw9vkncacyqtprz97ltwfv3w8clpuuppsk6pmjs3cwww55,40.670169438910080114706738056
account_rdx169dvdw5gkk6z9u3nw9dg7lj0h2yv7l6ugcvq0pgapy82h0pqnd5j2t,40.503033275012180830781255565
account_rdx169k4jnpzhu78aahsxd4vhxxdau4spsk3mc4ved65gx8zptxunqu4a0,39.867691576580617209906254932
account_rdx16y6j8pd5j860ff44yxu6y2mjnm72ttaffss3ezm4rmgtdqmsufgjk3,39.855778919735025392014850514
account_rdx16yxg4phn3xxntau8etm99r43x70rcett7qsh4ux0lx7jyhwcx3654a,39.728710580048712667839849292
account_rdx12yaqnmdmvfl5p32kazryc78g292w8q6lfyncrsduv5x6mvf22hsjl2,39.709013319625375812738220752
account_rdx129qa4eh2ny3e4fgzpzj8f55uk6hcq2dx204p8jyk0k5xw6zdhwwjh9,39.708856151972726304687506316
account_rdx169529f0luy22q0rea5qwj68xq5jzku5pf4ugmn0kkmfpa5wlc35nxa,39.708856151972726304687506316
account_rdx16ymtkrvgkejdqvujzen00zp0dvcj3c620jadqyxfpmqvupl9hx7x3a,39.708856151972726304687506316
account_rdx168mglendetf77nhv0w5qhqhmzfyanmth6wew9edmehltnfgg8y25dv,39.708856151972726304687506316
account_rdx168hzhhhswhymhw92wxlgu4w54akthf2mh02m0xfnc7r794atdzeq5d,39.708856151972726304687506316
account_rdx168ah2uknjwughe3kj8ecajwumuk3faffy8tuh5amjr927qz7003q89,39.708856151972726304687506316
account_rdx128prgdsqwkw59q5y5yemakszdz09f3lpl5plt4jmt0s4agjg6v64wu,39.708856151972726304687506316
account_rdx1686wkva450dnwzxjcwkurke3qg36sndld333vzv4dnf875ggru5nyj,39.708856151972726304687506316
account_rdx16x3688j0jypjegmwql5gych8sazl8nzh39w4up0r26px5ut57w7n23,39.708856151972726304687506316
account_rdx16xf99sthyn8ud9nr97vtds7tf9dpml48qcc9cpr3yf0t097llt9e09,39.708856151972726304687506316
account_rdx16xkjk40czlcf7szszhzhluhvdf097anfe357lzayklws9hfj0c646t,39.708856151972726304687506316
account_rdx169pdsdgv9jjp6ml7peswve58x3pzy24839lkxwj647rru9j33uxypc,39.708856151972726304687506316
account_rdx16xmm5m3d0h565qwqr4dje7pqk3ce4qqa2hc0atme0ednq5u7rx8fya,39.708856151972726304687506316
account_rdx16xzrtatxyl045hlayflstc74dkmt0gsufcnjkc0r7athw44s0dg4lt,39.708856151972726304687506316
account_rdx129g3w0xu4gd8xuq6ecupmrvsy2j6z6ca496wvqxa6r8d8lpm5mw2y3,39.708856151972726304687506316
account_rdx16xattftp9krlh0u9fy59alymtt65phw6pm43lgdk4kzry62vsmm3qs,38.982184084391625413311724900
account_rdx128td5c49hjca8vw2ydtjlxg35kdzm3uhndcvw5mxdnvtas66lsakws,37.882248768981980894671879756
account_rdx168sm4ej6wk5hcrlyqj62n7nwm5wn62zjfc5v9a3xthm8d4lugneql6,37.366033639006335452710943832
account_rdx169xglev3pxrfw7w7sayw75jl59lu805kav7yj08dz6wz5cxwyfafcl,37.048362789790553642273443178
account_rdx128acsz9ag095r8uu4w7a4qtya2vmhxehvjccpap00z69y43qshwjax,36.528176774199710927682036952
account_rdx168j6xl6qwfqnqy6w7vcnfkhdxn5s9tck72mf9j4rvxu4t4tsr97796,35.737970536775453674218756298
account_rdx1294vmw6z79uzs2faqsprvda6gh86s2m0an7tkgnm84tfpmmcyprs6s,35.142734783057382506911489030
account_rdx1282dgf0ssp0dnkv7nrrtv90lnyjrckgfzajkmjhfp0gqgzglr963x2,33.752527729176817358984380434
account_rdx16xz9zyhnntts9vpwk0v9tyqczhx3a98jar3y550s5d6dqt6ers7k5z,33.752527729176817358984380434
account_rdx1689sp7yu4cv2edtx9xcarc0p2x90296u987kpy5pa2lgemuu5grt9z,33.752527729176817358984380434
account_rdx128nz3wcqztgpumsh9k3hq4ht48cz0j6zaqw9lxpzkj9lu6j6ec6jy2,33.057622746517294648652349156
account_rdx169npzahp8cgxc3sur4z8dqzaxmvl4tuweyravg7kkzlcd5dxv9h5yx,32.777675310645886928204302208
account_rdx168y4f8ysh9f6k9h64t384ruy7jhvm6xhqnx40yza80hvw2gc86nn2l,32.362717763857771938320317876
account_rdx169e06ca2usnrn0fkus06a6awfhll0dtwc9x6udt9ukateqcv7fjhe6,31.778997578423772861641410018
account_rdx16xjnk6vfsarkkpjmralmsysrf2mtd478vr85n9vt9pgenexw5sqewk,31.767084921578181043750005256
account_rdx168jmgwal3732k38vpnrauq7w2w0wgs98qkm9jza0dx32s384tt9mya,31.767084921578181043750005256
account_rdx16yfxp4lv7c9ggsdhf2h4kp5mtnrwrpr4zpsy6ykv8s88k95gyn9s8m,31.767084921578181043750005256
account_rdx1288qmk98tf70efdped3v8dwxptflphjs0wg75qldgl7pfykdswspmx,31.767084921578181043750005256
account_rdx1689s85jk4vk9mh2fqm8l2am994kjwlcquwv3cgf4hjp675su70ttcy,31.171452079298590149179691266
account_rdx168jssuekzyf55l0vs6eyqmv4jv7xkrdn7fh0uf6tmc3y7elw4q3thm,30.972986981968779166469778216
account_rdx16844wwnzdz85veu6j3wvr2n8ftphwc673a3hglnj74hnczt3nvkx3e,21.783165631312043606587577612
account_rdx16ygc46zgw8vvzfg7306d7vrddfxemm8vtd4s45ug4c2yjcfyjagl4n,30.575819237018999254609378986
account_rdx12yh8etkttnkap3rads8lc5f7r529h2vx7wha0tw9zs5asnf785z509,30.144144242131105020505039908
account_rdx12ytpcplhw2860fwuzdmfa9c7vjdtf8wvdc5h2f034k9w0yphx8rnhk,29.857088940668292908494536133
account_rdx168hh785epplwp9pthhmmn3j7kn3dj5w7njmapjuwhlgggj5yqqfsk9,29.805467427670728364298441651
account_rdx16xzprqye0gz36pvetm5enmzlj60mhk0rue3fpvr5cfdkq02dyvkj5s,27.796199306380908413281253189
account_rdx12xt4sstasmp4yp8tqgng0emqj2q4ccpdzkam96juwrnyy7l8exn5tu,27.796199306380908413281253189
account_rdx16x5etnm8ymz2ayfwm5jvlsj65kh22usexl8n5ystv9wrz4963njfkq,27.796199306380908413281253189
account_rdx16xw5gc94gdy5ze6406n24n0xz2teftf6zmje5mtnnpvecassuyjsvd,27.796199306380908413281253189
account_rdx16y9xu9d5zv3vfg3ugqlqujhgeg2d5t4cu83mucx3fdssly9zmj0ylj,27.796199306380908413281253189
account_rdx16xdfyvs8kerhkgyav0k86qkag8q755fdsx9r5k8a899epqgzqnc8tj,27.359401888709208423929691578
account_rdx16y8mwze40f9q89wsxedm3xv7jg8n2achc6wad0hc63we0tu7ug2kke,27.318690600173295540413092900
account_rdx16yylmjdvu692j58mgh6gjh49xzve2yytxjvhpkc5vwj76cw86x4mcu,26.207845060301999361093753320
account_rdx16x8f4srz2d3wn044cpre9azg9avwywjdm0kqq2m0ymmwkn6w4kkaf8,25.810756498782272098046877669
account_rdx168hsmzzmarlmzvgarvn3nmwm5c66zc09eu3rht6k3nfcqch6pupq86,25.810756498782272098046877669
account_rdx128qzfx9ctupn4mfp9ah2yp9ej87djkp5fj97wyykxzggf5q5ux92pq,25.215123656502681203476565730
account_rdx12xcv0tljnqwkpll4wzkpe8aq34jknfzf4l5m74y737z3jf3xzsg9la,24.619490814223090308906253108
account_rdx16xkpvuyjjkd3xvn730fcy4mmtt504ugn8ce09zam4ccajtpgj6crzv,24.301819965007308498468754160
account_rdx12ykcakzfpr9hz00tgsn8arnsgn29g0ma8ptm9tevyx5cv2jg7tu5z3,24.083421256171458503792972158
account_rdx169u5qrmwzhdygl4nedxtxzg9y0l6dq5dv9m7hmulk3nlm6824tet7x,23.825682554527961831750208506
account_rdx128652dx3jajk29nl0jzc54wt4llc8gtv6aq304mc2vs9nq27vjrnpk,23.825313691183635782812502831
account_rdx168kn5nm8kh7ymfpfjtvraucsq2e8qsan6uvfnmtx4fulz7jcv9rzce,23.825313691183635782812502831
account_rdx168vvrqha86eudefv3g9r8jtlxqpwlgpruls5zy6cxcp2a0rwp0a4ap,23.825313691183635782812502831
account_rdx16x6rnumfqa3myq4a03pypdpmq5jrhl455erzf3qf8ccg2wvm0469tu,23.428225129663908519765629230
account_rdx12yy3wqnsxj9f3jjq6krux8r59rjamja3lmfm4ck5yaqdmpwhxrzne4,23.031136568144181256718753920
account_rdx12xd8udqw5s53aqknehnx796c46sfqhutz28fa859vh6gg5esy6hd0m,22.878654560520605987708754234
account_rdx168tqzpaxnmyluy6cha9wme8qkapywwgcdgpmm7avmhvv9rvslrtwyw,22.648540005732579215010642966
account_rdx129zypuu9muarkmvkchxutk8d0u4ax3ltqecre4zrtundcsgwcqr99u,22.443048408533465180146331084
account_rdx129kvcn5uqq4xgsj0re6ktvyantruyxtcn6s8jzrggrt9rw4hcy4wz2,22.395794869712617635843753289
account_rdx129khp65jck00ahxnaawlmgzm27e4mfwpwxl0h2jv6lvepcuddnnt7m,22.341790825345934728069377788
account_rdx16ylknasprzclqlze7q4rptll5m7euvfywl597xaavtm4j3fcal2v0f,22.236959445104726730625002620
account_rdx1297nrwqe495apz2mcsaz88zuyd3g8w2fy2eqrdcqc92l5xw4zzw5ng,22.184286838684819468363623468
account_rdx12xxapv64229n5ddfp8kvjwmes7alutf2fq5ugu06cj5j3a6gkf0awm,21.879579739736972193882815662
account_rdx1285fd3jsna3ul0mvr0ej2dv3nm58cdd6vy20x4kt0p0kc9jnhjjf74,21.839870883584999467578127652
account_rdx128qn6sjvdt05jmgevjdtap29x7kvl8jklggk0wndu80sajnnpyz3dl,21.403073465913299478226566042
account_rdx128m0qup7m6394tdc7m23pe6qr60st2f4yapqfq3na8rgt90ylnf3eq,21.399102580298102205596097444
account_rdx12x2aldlrelxsytk2lzkrjhwmlr7hqe0u5582fca88ncspzvg8l4dgn,20.648605199025817678437502750
account_rdx12yfzej4pnkhaygw336mr4q5jguld54yhkxhk7jh23zsd3yq4ue9lye,20.608896342873844952132814738
account_rdx12yuf4knlc57jhpspmqv2qnxrnvtes9qwk95heqcaewks88r82au3ah,20.076797670437410419650002386
account_rdx16xlk2f3usk9tay4x72026zqqsvs8zqrje83z2xvy5t30fajvqxzyvv,20.052515638210122299059846564
account_rdx1283aqludfhgfpzmw267fzmp25hw2l9zkhwdlunx0sv0k3uavfj8cmd,20.033117928670240420714846464
account_rdx12xh7dklqatjtfgvxmax0l5hr4mc3fqjfzh4tqe380tm7elsjaw5rgu,19.913991360214322241800783120
account_rdx1290qnejj8zkh5dtr9gmxv5nkdkyf9vfdyj0kpvlsx69gjughnur73q,19.860781492970678788552503456
account_rdx12xdklxssf4rsp72cg737yynsxhj0et2du245ft2cng4y0xrr3sqaar,19.857207695917001243185081924
account_rdx168mz53d4rl0wy4tjttjedxdd2psy7fvwnmhd6dllucg4d3dh7t9n3r,19.854428075986363152343752132
account_rdx16ytlmlhuvrjj469xvaac0f3vw88ywu8pfstfrjd8r9k7uwyqwhqc88,19.854428075986363152343752132
account_rdx16x3ue8drvkte343ugaftmmexxd436pwmxwqtkazr9tpd5wxq8xcmx6,19.854428075986363152343752132
account_rdx12xkthr4vjd8rlumwrumywd6sxnshc4hweu7dezhxyavs4ykh9j4gpv,19.854428075986363152343752132
account_rdx169lcj45lz87680vgj2yf7rx8kjfpu7elh798jvleyfgd9yhzleqpsf,19.854428075986363152343752132
account_rdx168zguu0w84a8p5aydc6muwvpz9cd25gr60h59lwaneht3mr6wlepan,19.854428075986363152343752132
account_rdx12xrcctxhaydhc6x7qmg6c370hzgrx7g2ce8fnv6zcnyhdewsucfmnm,19.834573647910376789191409494
account_rdx129t4ydpgv0tr5te467nwnfn8ydhqk7ydh329j7macgnf7wqdwgawzm,19.695592651378472247125003511
account_rdx16yh889exyr3e8z3qhhmygumvte6mlsaelux5lgf4h8ahl94smpsg9w,19.679709108917683156603128786
account_rdx1282cyt2wr86y4galhdqmrgyafmkqda32ezm0rtl5lxq64xp528ngex,19.099297611847414477177319676
account_rdx1289sd94p4tr80t52ng5daeh4sjnmgulwwpzrymvt9e26yvu6e2fcq9,19.457339514466635889296878530
account_rdx16875clzwxwvrj7vd4gwtgkp28fjhglgv5axr0kj23zsg0x9pyxs9fu,19.060250952946908626250003220
account_rdx12xd24vunvwxkl4eann0ra25utku25zzlk7975f0432tasaegh7dtzq,19.000687668718949536792971892
account_rdx16xe6udy5xwpwhv6xq0xl3ch63ujk5tzkxd0xspy97aq4qte9ydr30u,18.897444642723820448400784638
account_rdx16ys2q6rhcdt69r4ps62f63lv82ykh4ftw9mfztzvtuzr28shv2a9fv,17.892810582078910472892190578
account_rdx16xwc6w42de6wjrreq3tpzu283du97hfdgjszpqpjynk45da8u5u020,17.868985268387726837109376952
account_rdx16896af5ju92pkv2hfrc94wftx6a3r8smjt8xxxkwnu7juszd588uz6,17.868985268387726837109376952
account_rdx16xjpl9ngkq0y92ks63m540qma3lnh598snquw9y5y8xgywndhkf2fm,17.868985268387726837109376952
account_rdx12843aucsgmmuywxuxfc37jtzss3x2nlnwhnmd5xjcqt0fxm9xfudzy,17.471896706867999574062503351
account_rdx1288rjjnh3fe6wsaehpsldq9lj4mpatw8y02esfx33jx07c66l3h93t,17.273352426108135942539064672
account_rdx128nmdd7nlv66een98meq8cmjmqh8uh0uly5s6d8u3zz962qufp0fp5,17.269381540492938669908596760
account_rdx16y6qssn0s0dp30am47kte56lajmeahhmdpyhtcljclgqafkqxeldj4,17.090691687809061401537503110
account_rdx168pn5mfsdja7sgeddyk2la9p8dy8vxqjycr4sf084xvfrdenwd7cjf,17.074808145348272311015628042
account_rdx168cz9f8pavmj77a233fygyaf92emrdvrkh86vh0rc2ge6zuwtupflm,17.074808145348272311015628042
account_rdx16xpflqk53e7839pd2tgnqxvlzqvv3ata2ad6xu8xdayldy5wmhthv7,17.074808145348272311015628042
account_rdx168u406yhe50nex7naavkw6rxtklhqp3mtrzg5ws0g6dp0y9fnmc9ky,17.070837259733075038385157738
account_rdx12ykldaqmwscet05qx9f3ysr64pqw6d5x5sspn838t9mrwzfp9jhh2s,17.017627392489431585136878076
account_rdx12x5qjq44r3nvrpe255mhed6l6w9x5flkmf9trlyn37txj44dt8q27s,16.677719583828545047968752392
account_rdx16xd4cm38gyxxnxh4t2g7wsy5hnevw837at38whp85uzx8ghc66aty8,16.628500933134448677386807194
account_rdx169xydzkxjvrl9cscf0jl4gp4jmm7dqzmxpq7w8wm3kx06mtnjejzxt,16.564549343795422778000392624
account_rdx169gcpj204d5jwzxag57z0p3dtjjurnrzdrhs239enzfajda2da773a,16.340194306536776874378908414
account_rdx168r6s9q0eh0agf5wqaajaxwk0kpewkcvmrfu0v3nyu3dyzxnzes5pe,16.240922166156845058617189074
account_rdx1697mep0dlssv5f375vjugg00cekh9wgvpjm69crrwpxdhpm0sf6xtr,15.883542460789090521875001432
account_rdx168qn790a9jezr3v6dn47valn6rx3raaqp2dxdr5sn4vyxhmmp2lcdh,15.883542460789090521875001432
account_rdx129sdfsd5vfgzfk80fnfpg8r8sra8esrc7ypd077gz69luvvvs4ktz6,15.883542460789090521875001432
account_rdx169wnus3g6j6mnyazsy6007htyms4r36demezj53zk372gyvk7vx9k6,15.883542460789090521875001432
account_rdx1686glfx86e308rrmkrp6h644ncqay3w80dhtul0yffduk0qp8sts5k,15.883542460789090521875001432
account_rdx169evw906lgcd9uzse3e25ttddq6l65h74dwcwr0tyl3znqan9wqs7u,15.883542460789090521875001432
account_rdx128pkqsxwejavzrlgs60wk943c36nu97yv8pmnprjgz9rkun88y3w4s,15.883542460789090521875001432
account_rdx12ynxfm2rt8nu57adcph55hawm774394g908ljh20j0uwelmjxyxnz6,15.287909618509499627304689492
account_rdx16xnyrsaee5pg4apa9x8rlqrdss3ksuv7qa4fuaa3lcn9lu0ledsfvd,15.089365337749635995781252862
account_rdx16836rkrn9c4h2yaucge5syc4kpaaqk5sfux9e2dwmj0gm6s07lh2sa,15.049656481597663269476564513
account_rdx169uajrk7zxzsdjxzqk7tr975j4cfqujxns7lshqspdd8xj5an7anxw,15.009947625445690543171876504
account_rdx169c59m6cgjwkpvjfh6mnpwvprcsflzvggnyhqx5p0cxpgdrfrspjvy,14.692276776229908732734377554
account_rdx129kkvsk2q3l7heklkzgxt8c3utmmn09p9d6l3ds32trteu8r5xee75,13.938096888528175623497664119
account_rdx16yzmta62t63xueeejag48kxapeq9zqs97hvvnuhhy6mg49la4d50dr,13.898099653190454206640626594
account_rdx168tez4ggz8spk3qcm0mm43smhwr79klmu75ck85ry0pjfhew4ks08z,13.699555372430590575117189624
account_rdx16x7s8d2eslgcq5aa93va6rehden776gendkyu70qxflavq2yla989r,13.679700944354604211964845278
account_rdx16yz8pa3mwdkk5sm44vry7u0u4kklcnc3rp9jxs8wah8zhg05cn085z,13.501011091670726943593751284
account_rdx16yckjllqqvq28dwya6ztgvjst7z8vgjkcyrf3t3s32yy4dfdxen94f,13.501011091670726943593751284
account_rdx12ydaae9u9qmpkv806rnjtntq8mflgmpzkywwy48zv38xlzqq0v0728,7.996757361483147962385594358
account_rdx16yu5lsd85ueuz9mt0ppjlmcysxyy79z9ue2khacr2k4pgvwhk0rpc7,12.706833968631272417500002034
account_rdx16y8zy4ayl5drlp2fc60curymymd47l9nzcytrkaqez8jwsc7wwqqsn,12.528144115947395149128908725
account_rdx16yhfawrta34afndht8aqg7fkj934cen8sxe6v3mxtd4kcrdk2aj967,12.500347916641014240715627187
account_rdx12904p5wrp8cxrwlmt2q8t42whugklawpspwdavqeq8k3jlem9k5dpl,12.428871975567463333367189044
account_rdx12xeh7s6grdcw72vt2dz5xfst97t5ngzrx2u4k3k6xkhd047vpl9yzm,12.339645690591467296405813904
account_rdx16y7v9ktn85kklrcasvd6md3prjfz57dlzzx6uca9lwzwtkdnektdz6,12.309745407111545154453126724
account_rdx16yddsca5z2xnnx2yn024582er5h7d9lvsc7gk0uuh6h0jh0gscrly6,12.230327694807599701843752414
account_rdx16y8f327m2pgsag5lu7mta26g7hvhxre9zywvv65w7lhrtte8gutf4t,11.913053934153337618669298138
account_rdx12890y0d7e9zdhu6pnrr0hf4tksqrf5cwah0q9uemfa9yzru76eg7np,11.912656845591817891406251074
account_rdx128fvkymnxzu82sqtw8crt5wcune3trjh8rmthelmn36hylaqaevz35,11.912656845591817891406251074
account_rdx168v24qqfc62tcl9aywfkkfqxkzd6dce0cfdjd63a00402v7qehth3n,11.912656845591817891406251074
account_rdx169stkjgwa22ryfdlvutart5ge2retjvurhgvkcre63en75rxhs2x7z,11.912656845591817891406251074
account_rdx16x0w0wzerj2n26gnwpaydmh8yrm65yre0ck6els33qdqkfmgtp80t2,11.912656845591817891406251074
account_rdx16x4zpl67kd7kfupphtxjna4xt6exmvu7xvwqfksve9fphzuvv2szfn,11.912656845591817891406251074
account_rdx16xxwvcp2cfhngahkyh5p45g6pxsyk2devfn6slka2fl77uc5uyqx4t,11.912656845591817891406251074
account_rdx169we4laee0et54x3expteqy6y5y7jk75sa7fp7jy78x895kpmm8qra,11.912656845591817891406251074
account_rdx168h9tv28fth7g2f3md3vgsel7fxqjxsc26arvf6qe57kdquws6cmp6,11.912656845591817891406251074
account_rdx16yz6380q7dakasuf9gf7k8y493np9k9spep92ndhz9lv77qt6vu0ht,11.912656845591817891406251074
account_rdx128d90x0d4rm75syk472c87wgxwtyccnxkedr94xzkv3dg2806ljamk,11.793530277135899712492189096
account_rdx168md4yhlx79nvgrs7rhcmmqzu462ugg94nlms3pvtdphz2farqehl0,11.714112564831954259882814102
account_rdx168gkeynsjwmdke0gnteyav8dfn57tyq5m0x4zhqwasmluv9kr7kf78,11.686316365525573351469533246
account_rdx128sc5zq9s7zgwnp99s339kr6tzc27ncs2spyae607p5cuyhtlxx089,11.475859427920117902054689804
account_rdx12xgvf3dxmqtda0jwd2drr5gk4ufhsgnzh68rjy929jukgu3g7cldgd,11.241577176623478816857033080
account_rdx12xxxm0yghpdfu5ywz4y5k62gszted4zglrpqy78mhd3u9s8dqtr582,11.217751862932295181074219794
account_rdx16xpw6zpp8q4m56su53tzmxecglsqkkelwvp8wm795kmqlxlsy4f5f5,11.118479722552363365312502162
account_rdx12y3ju6hfch2ae8dd9n5nrzcxy9pvgzrv6q24zlh6lvc33rc2dt6lqk,11.078770866400390639007814154
account_rdx16x04n7gqjv3p5v9l9e8km7rhj2rcks0pzlmn3pcan6xzzlza2stt3t,10.840517729488554281179689174
account_rdx16x0u3j2x3pw3w0jr0p7lzdvk07xuv23x64w9rarf9drn4736ttxf4u,10.483138024120799744437501874
account_rdx16y2n3cqm8868sy888lxtkln5nelau9w6t806u2gzuhjg78lhq72xk5,10.349353725593503873062590646
account_rdx128a4wk3jaweykfytqnxwtg0wh9dhw9xtvkztxc40ukddpf2frm65ez,10.324302599512908839218751546
account_rdx129kmlcrtl8mtu723au27e9s6lqt2wa3cf8q2kade6fr9ffdqwx963l,10.324302599512908839218751546
account_rdx168yahfunet7tfdddy77qcn94zhp2lkx5kjtnj0rkz65jf2gv60zqu6,10.284593743360936112914063536
account_rdx169vx7h3qe2l84k7la0jyy7gxh580nlphgmcvkd7h9wlkxxtevk2pky,10.244884887208963386609376552
account_rdx1293u6wrj9kknmjmya7jkt0re4p7erctl2k28u79wy687x0f7pal4mc,10.224633370571457296193985824
account_rdx16y8h50dj8dn4fr32nrpn0e2ukqvu7exgx288tj5y4cls4vpdmxlxht,10.205176031056990660304689226
account_rdx169qumpaj7nqgnh2rqaskflm8jcjrpwyrk2g3ktel9z9w3jew2aa0nc,10.165467174905017934000001217
account_rdx168rptl2l72deeftqunrar95p9trzhc5te5czrxycmw564my2rkt0c3,10.072548451509401754447032860
account_rdx16ynd3y62thnqcu3acz5mtknf3j4cnp33g6cy5lmvfussekvws3l37y,10.068180477332684754553517540
account_rdx1284ra3tmkt5tucqlr0ns07ewyvq4h66jc54hl850qh094gfrpzek6f,10.046340606449099755085938556
account_rdx16xvk45w3f3hh2395j62s5zetaq4p2fvxzt7lsxqt33uaq8ls94537p,10.006631750297127028781252254
account_rdx16xj28wd4hrvm5c58rx6us622g8e972y43pa2hvtqlhqefg24xqucsf,9.966922894145154302476564588
account_rdx128ntxu35xfzxdwmwv4cdmscz7vpwhdz7gfrzy998kkd85x57aq2shk,9.927214037993181576171875895
account_rdx12y0l5pctumet7ng5thmu6nppk7d70kamgx4p4dzlm5zju9thyh7ukv,9.927214037993181576171875895
account_rdx12yr634z7xtpjvkk3jzrw94k9zhgq5glwz55wd6nn7lhgkzffwnum0r,9.887505181841208849867188228
account_rdx12yz5xnuxgsvukpvmag5z0d7n3js44vuy03jmmrrp7p9r78a7q6pgyd,9.887505181841208849867188228
account_rdx169yk6nmwnlsf0enz8z8w06htcjudum4kfulmrt3j5uk9erqv9v9kvh,9.855738096919630668823438094
account_rdx16yx39fjsnqd7ruaju3myl06x8f6hn9u7zx0y26g7eqxksren5mwpq7,9.801336963991428033786017918
account_rdx12xet7kwkzrr7vwtjaf8e8k32z0y0yn5qwza9nte4h7uzhtcy6u27ff,9.728669757233317944648439266
account_rdx16yw2xmznn47e7ntp5ksc6papq4ltt7vhs83kqvxju7e074730mdxgy,9.649252044929372492039063246
account_rdx169meszj8gnkhw5wxzzy63x7nudwc5mvutgm4uqnu0l8kxyuzs83e0t,9.569834332625427039429688937
account_rdx169uhwkusscp9z0cv3q9q34k3r4u7yu8petc6ny8w5sl5sngtk4eavv,9.530125476473454313125000586
account_rdx129d5rt84kmprw0t885cvr80v0nve49wqd0dycgph2uxq86vlq6ppcf,9.530125476473454313125000586
account_rdx129hhw8h8sz40nlugy4zmesyjha2fz0d5ue2v8frzz9aksfgg6njkkk,9.510271048397467949972657606
account_rdx168tpuzzn6sm6ueqlngsfkjxm9kdkhx85m7lahe07pc95eekmxj9hna,9.331581195713590681601564297
account_rdx16x79qt4e98y4hy5vhcwdlvz28629mh9dpplerfg3nux5px7ed6rlhn,9.212454627257672502687501295
account_rdx168w6lcvayynyf5jnjyffl2zxtlpfqef4zhdhsc4d37q8t8mjqcsrfs,9.182672985143692957958985460
account_rdx12yf4f763p5wrustpfcdqnv23deh3zrxv8pukdsqy5f049cfdhj0hfv,9.152891343029713413230470648
account_rdx16x2qawhaqdxguu7zykrnfd9uknu3r63mzc5wh36e0skscrhh58238g,9.133036914953727050078127326
account_rdx12xjucflfd3r2g29umjyvz6ntjkhkh3y90ppdsxgcnk7jqxsuvq400c,9.093328058801754323773438975
account_rdx128z9gmsh8hy60ps9lcu4dqn2f42r9c48vj6mmqk3jpwy0nn63fwzq9,9.051633759842182961153516669
account_rdx129l6xkqpkslnw4g3htcd4xdy6thysuy698ux67qg8yuxgep7zhdtrd,8.934492634193863418554688306
account_rdx16ycd4ux0n6ykej2c3dpt478jdj67jq786kxymjxmdzh2ldlqevwkrv,8.934492634193863418554688306
account_rdx16x4xl73yy9965mjfv7rucm3fg4wdzsv9e2f8cnqnq9nhqu4t38jhhz,8.845544796413444511632188546
account_rdx169h6dv7udm265hanwczfd4cuvxwkaz0pqgldx4yrljw6xl49d3dkug,8.835220493813931602792969307
account_rdx16xsnskw7vazchjkjr245g7e3vne85uftx9y547w32kj58wkpuutqcu,8.755802781509986150183594997
account_rdx129fm4kd5f52c4pwwavhaqvjjj3tpu8alngz36lx5f35t8uelhrd45m,8.750243541648709968500939168
account_rdx12xdl82qnkyf3g9j7s0c06peaf5t3c8s3m60jgqsy3v6hqp8h0wz6km,8.616821784978081608117189014
account_rdx16y2m8tlpse4scvxzz36sd36ngx2zlqy78c3m2558x8y6s9238gneew,8.608880013747687062856250798
account_rdx1689k9e7pjrk4sav2wleyztpmum76ajgc4tyq3r2mccyca36c7s6mdf,8.594584825532976881386563306
account_rdx12y8u2kz6gzh7ejzunvmzddty55dgsqrkj6lf407p2e3e75hk5hzv0c,8.577112928826108881812501347
account_rdx168plq6j3my82cfh0pgcty6mzkhcms3z5yjucs5dzehp4tmnrck9m3q,8.577112928826108881812501347
account_rdx16y5n4sn6jaula5wmlyqjmlvlltenxpwpgqayvxajg30t3nz8l26j2g,8.537404072674136155507812996
account_rdx169x75medatjwywhnmk49hcyqj32v77p60x22hzvvfkssxjytqpppvr,8.438131932294204339746095364
account_rdx169sde9jc72hf4hwar9z9vvkz6pu826w2lkeajc9dz5ecpkyd7jsgjg,8.358714219990258887136719688
account_rdx12yx8rnr69ryhxultqsr2662p9879pcx4vhh6u795963lm28v08ljvz,8.338859791914272523984376366
account_rdx12xn8qz923552fmm9pwuz67yqm4kuegzqrxj90a00syyt0e2xxutycm,8.338859791914272523984376366
account_rdx12ydcfv66w6k6dadmx27lrmdce3nndsp5ha53cvetvwc0l5gjeatktw,8.270865927157800806484463484
account_rdx16y0ray0cy6qzwgy8qpnvpwpkxdwpp825fclgxgkylgwwpzkwn0qrgg,8.215032489067083813730364056
account_rdx16ycdwmpkn5lnx9mzkpcrjxs90fqzp266kaq3sjhzq9yvay46zrzuc3,8.072810455696055257742969848
account_rdx16x7ay2l5cpqj0fgrhe0fjeyqw4rzkge6gfasluhljthfn8g2ztavjm,8.071619190011496075953829338
account_rdx169ljmarwjsftedcxt36cy8me7yaxgnuqz47dhe5gca889kgjgh0722,7.981480086546517987242189066
account_rdx12yxj0mzk989ge2cu4gx4del30squymfn2en8zj022ufl3dv5z0uacy,7.955007515778535640254315518
account_rdx16yn7zrjxh0cdr39ytqkjur5q9zq0dn047qql5ptj6uhyyk3aa8p6y0,7.941771230394545260937500716
account_rdx16x2ft6jjhtfe0ja67ary59ujc2qhzw75zmepzwdqzyvc85etn80l38,7.941771230394545260937500716
account_rdx16ypxk9x3w7m3ntw96w40k4lx6uf7mqqnn7v6g7cwfznmkgrmp2ujqd,7.941771230394545260937500716
account_rdx12yqaskx8q5tgsvn8fvnpjpx9c25u38yrgd5cx0cnjfc04t3xvgr99l,7.941771230394545260937500716
account_rdx16yeh7gl5kawkgzmdpstnr67mdpaygsxt0edfgx39ur0sulq7825s2n,7.941771230394545260937500716
account_rdx168z29pggzyv92yqpwuumy3susul3tnt8z6vt0cantelp8vyzkjxnhx,7.941771230394545260937500716
account_rdx169y5snxj8wfwfs9qn4z9pehqkccy0la78pxf3ukn246xxlh2s3mtxc,7.941771230394545260937500716
account_rdx16y2ntansfl5xjfr66j8ymcjrf7cq8eu0j69gkstm9r5g2xmkz8wz69,7.941771230394545260937500716
account_rdx168cc2s7kudrjm28pr9c65md2sqy4lv39chudhrhquylwz9c05xl9wq,7.941771230394545260937500716
account_rdx169ryqag2h5nt697hfecudsq0e5h7ya8gegttu8w0f5yhzrqfz3jhdw,7.8822079461665861714804697270
account_rdx129sdgvk58l6phj5s6rk9gruzdw822tj7rqrdlwpu8p668dmw3gz3tj,7.7726115031871414468795331990
account_rdx1682dprz7ceuq6ud4sc73ewu93ealsxsmtgucmc9yl02tckahf3clcd,7.7432269496346816294140637445
account_rdx12ydgkzly395atqyh6lhghpvm906x2683sw9s9s4qzvzrk820y9zd6j,7.7233725215586952662617190570
account_rdx128ky6ayps9j835zpsz9gr7frej7d63kxl89f2sq24l97raxvw7w4dv,7.5446826688748179978906250655
account_rdx1282wzwqr0n84dt5u2v63682yzp08n4ywczxl257pk25rm8wn0d4pvz,7.4057016723429134558242197660
account_rdx12yhfc5mjgg4fl2qrg6wpu6nj5axulrphcga9twh3zynf9y6wgkw37r,7.2667206758110089137578141250
account_rdx1682yjqmjnpxk858w7t350rp49d894y3a6l7l4c44qxw6xveqt3df8n,7.1475941073550907348437518055
account_rdx16xarevumgu8v6cgueskpnj35f57a87jlt4lv3mp38dgfvmk3gmuv59,7.1475941073550907348437518055
account_rdx169jquawsq7dp64a0cvsdlce3tudeqa2ztm73hw2ljdax9pntx0nsek,7.1475941073550907348437518055
account_rdx16xu2t4ese7n43kurvmhv5cu780quk7853s37ha8ep8s7gkfm3fx9tr,7.1475941073550907348437518055
account_rdx169pyt9n6gzumhqaqd9z7z6vw27v538z9ehc3qaztm2c9jelc2ant4g,7.0820744947043357364410162150
account_rdx128vpks3fn9w9yr6mdj8zpz8ma7azf2k5cm0qasq37rt572m0v98qy7,7.0055768128463817502331832965
account_rdx16xtgjdp5adhqkmmafwsz5ck8zs04h9dkqxj3wgw9u6ygvetuq6cpja,6.7902144019873361981015634810
account_rdx16xpdjj6xkj5glysej37649znwzzrrf45gg0wl3xywqywjzwymgtu7h,6.7505055458353634717968761550
account_rdx128tlv659kgq3gekzt5wrn46pp5njwaeqhxp6kvwqthh4cz8cdxafkc,6.7505055458353634717968761550
account_rdx16ygfvx4ry0wzk46mm482pc6n4k75lnlnqyxskm0rn90zg5chnyuzpt,6.6710878335314180191875001370
account_rdx129w8ys6740p0hg3urpa6r4pshqx9mf5k3ryu7xx7w2l8xu2ahl60na,6.5209883572769611137557818125
account_rdx12x2z346nxlknuuyxr2hmqu8n5wn2prdt3y57v4hllvxrhvmtnefm5g,6.4526891246955680245117205270
account_rdx168u0czdvyyjlhkyqauw2s884yfuu6ypuapehnpy2efxlx4tuu57mgl,6.3990097143266720262156422650
account_rdx16xd984s7af55h0cjn0tdp62ggskvlvpm3rdja8u2szdkm8fsj7x8m0,6.3768021911346118173125860890
account_rdx128n7rgs8fq052qumddj0ex0smjw75fe7mqj56rcy0l4pu9azk7d9ws,6.3534169843156362087500011875
account_rdx1287dfuws2e00kj6mgdsdllezz7c2efhp6m3sydyda2elxla8v74mpn,6.3534169843156362087500011875
account_rdx12ye7xh6uepar0s64flcksjg5dhlq55ksfh53yductc26g85x2rat7r,6.3534169843156362087500011875
account_rdx16yq690f4usm24n7td6dvzd9ltvqumqvy9ncvyj33n04e8m7vzg22j5,6.3017954713180716645539067075
account_rdx169npkatx7cgn83hvynpm5lqkx79s9ky3ach26z6llftw7z5p3zr586,6.0913385337126162151390629235
account_rdx12xuy673jefh0s7mll5065u94gzllvqaxr2r3hmhljyq6xlkt836v6z,6.0794258768670243972476564525
account_rdx16y6qzmym68z7ca8gv7drc7d959rqd4ut6ykvrsw2yet0q8xyqh6qfd,6.0238334782542625804210950840
account_rdx168yvw9atqed0j666xka6yu26lxgeex4ch98eq5cddtr3dlmx23uxdy,5.9972285446324408537969540565
account_rdx169mhy9fv6rm09p4cnnrzxgkhgyq6usu56t8n09xfky4ujxjdhljjhn,5.9801537364870925814859388205
account_rdx1686nxvrw5lge6y4uxgwtts0agz0pmatzq0dsmtfyqzk3m8xt0pa54d,5.9563284227959089457031258785
account_rdx12xfkjr2q222g0z4p33xjgg7dlkf8aqsla8z77mwtcu5puxcvgwyk5y,5.9563284227959089457031258785
account_rdx169crlwez6u6f9zaw50tlhpg85xeky7zmdrzfnyd9l25mt7zmw4tjck,5.9563284227959089457031258785
account_rdx1280u6heusda3zgqvsdsexlgfl7989xd0tlty2nl3flzzxe77qx28g6,5.9563284227959089457031258785
account_rdx1687ml4yvlhfdfxkjhlpu4ek3wp95jgf5dddvp5xrgwv6kujxg8d3yf,5.9563284227959089457031258785
account_rdx16xct0azdh2ja4kz4aacgx04p2khqe2xsk7pc9efzsuq3m5acwqjau8,5.9563284227959089457031258785
account_rdx168gd7l92tqn9f8f0qw9d5exn92cx4u52775chw59f0wsk42kt2y4g6,5.9563284227959089457031258785
account_rdx16y2d26xzqkhcwg3ure36spctqln9l9wqyrj05xhpgquz4chdwy4g37,5.9563284227959089457031258785
account_rdx129rw4dp6swukpgt9zs6rueftjytft3klnhrmem4sz3qzy3lcjyefle,5.9563284227959089457031258785
account_rdx168wrjrytkndmxhkpz57qau4f97ewp87ca7w5q49u7ssfxyz423awad,5.9563284227959089457031258785
account_rdx1689mq6t8qf0lxe7gxws974p27j760jdnhywqpr4vcgvl20vwjnd30t,5.9166247065631329238555174965
account_rdx12yyn64tusu7fhfz4mq4jtchdtrh6maehvlwalnyn9l4gaj78q79hrj,5.9086777954135416741375013605
account_rdx16y7p9ajlfw2qu4jf649z26rrvqv826ltyvyctcqp756kmf4fsyh0wk,5.8769107104919634930937512265
account_rdx169zhz56ul5fy8r9mqsk3n8y6lsms9lujgzjsjk2kh4cmn5xfp4g29p,5.7696967988816371320710953780
account_rdx1680hlralwwn6ad8t64jwuzjluackkvqaz8rc56kw45nx5e4dpthpug,5.7692997103201174048080466060
account_rdx169y6hs470gwstfxr237ua0n6rdue4vevysk8vs33myvw49va9n6twp,5.6397793487664203647837323335
account_rdx1292u86axl3krq8n4kxd8s4ycx40myczfd9wntw25traqzg020gpgj4,5.6386575735801271352656265875
account_rdx12ylzt2eugv4g6thxkj3e7weza43dqsv38c3hxeq9tjffuvu29qlllv,5.5070145952759762111112859495
account_rdx128ymg68sul99xpfqv724hf98g3pdgduq0axnnf2jjh0gtc2rhc3qte,5.5592398612761816826562502280
account_rdx128tjkgs5fpfvyfqcr29vmkmqn9u6f8klhajzzgdc8yxl7pksuzwr54,5.5592398612761816826562502280
account_rdx129d9x0kqds7la29wwvyzrl4zzz3rz6n7qp4nwutvt3xqefvssvunf9,5.5552689756609844100257819735
account_rdx16x5gctyp9274sn2q5q7ljvypj3j6zk3rcu5vdyumf6uhfpmgzyhknx,5.5036474626634198658296895425
account_rdx169qjhtxhsz7v9kexcl7acecd5968asakwjucyeq6q6cv8cldnudhvd,5.4996765770482225931992192390
account_rdx16xsmh8ykr62hjtymekgynlgjrtl892lwex7x2k2hvc9755x9hur623,5.4616443981423848184108834690
account_rdx1690g7qv7l9hcwekcqfcmcahxrvxha40ruramd228m05x4x6x4vfl57,5.4448783555585002308987516580
account_rdx169ag2me0mrju8htla4ltzkege86l3xd92ngsxdjqxawukrt87ukt0z,5.3606955805163180511328132565
account_rdx16yy5e8w8dh6jpcngsgt2ckueevu6cz6a8cv8x3c7teht3lhrp9yaqt,5.3606955805163180511328132565
account_rdx169kyect5rwzrend5yhutgzxq49j7e7920l3gf5ydjksx4wpl6nm0z6,5.3606955805163180511328132565
account_rdx168c0c9xngpx3e9fkzj0y5ru30lsyrdrw59v4wsrmzztavls3hk02fs,5.3606955805163180511328132565
account_rdx129xlhvxgk0fvle05qwwkc3vyl3lp8mnxfsvflkswgh6s5nn90upgu2,5.2733360969819780532625007295
account_rdx129q8wgt69fswpj0m0vntx2kzzca5tyrzh0glrr69zfzfx0cr3zucm4,5.2725419198589385987364066005
account_rdx16xpyflqmvvnzlctawj6s4zhqtx7cw8uajmpjhhe2etf0trku7x6gtz,5.2534816689059916901101577495
account_rdx129fnj8ey4jc9nfh8gzps29j0feqyrq8zvwu7aez3fn9sszwkwqxhgh,5.2217145839844135090664076155
account_rdx168xgvj4e5s3ez2mgtd49rvgl7t0l3zk9vnfn5yxhnqw328rm0sq0ct,5.2217145839844135090664076155
account_rdx12xg4wpxhw6xnqqw2tm6lcancytwxmlc2qaejdnsq7ftfcnux2rdjkn,5.1621512997564544196093752605
account_rdx12ye2ea22ajfadc3z0vftcmsfc8juan2ns3dvcm5whknkx0r9wtfyv9,5.1621512997564544196093752605
account_rdx16yrtrg3xlfrzjql2yzm8z7ry2enf04ztytncsp8r3w6e56zpyygwgw,5.1617542111949346923463278545
account_rdx16839hs8j0lkdedr3naurxyd3wwrvc2pxssj532dqzsmfxhy9mjkxg7,5.0708209306069171491085937960
account_rdx168c2wee344pujxgdcmg6uj89eu2tjr4qw4q66nrslkmuz7rl2y0dtx,5.0430247313005362406953122580
account_rdx12yduu3a5rujx2yksqp6j2l2mfmk38dl975xm03lqamv5y0g4aq29je,4.9636070189965907880859382890
account_rdx16ycz27y26ypzzcyrhwu5d5qcslp2fzqu2r970cdqac6r65scjqptvp,4.9238981628446180617812502800
account_rdx128av2ju47psdlyuxjgzhp9jvafcfw3x3pscer4pcq80wdpvw0dkwgp,4.8841893066926453354765632955
account_rdx12yma7vnyf5nxjvlupyjp590fpeg2j25x4demtvwhjvlhgm2af7agp2,4.7650627382367271565625013175
account_rdx129glu8lfl0w434gyzd3d5575a2w48ds2z69p920zg5fmzcr8hhfpye,4.7436199559146618843579693965
account_rdx12ygstqm2u96zprss02tfcx9fr0vjmvvept40ucld6tewu7pzug7s9v,4.7253538820847544302578133085
account_rdx128mx4qr5fqxz8uglfl6saugrft2cnn94vh00379jw2aak8dd2f8cf6,4.6657905978567953408007819780
account_rdx12x38czk8wtke0ut28yfcxd4zsguvxg7mu5w9uct0q5ffgl43k3ne6f,4.5863728855528498881914076675
account_rdx16xrtntkxqyl8r6arn8gcm55g9vz96sely0ce5ua35c8n0yyycc374v,4.5665184574768635250390626385
account_rdx1695nv256qhuze5025lqqhck9g08vjqwtjeyp4tj4zr4jvv8n54kg4g,4.5268096013248907987343763370
account_rdx12xz2dnsl25mcrddvdjzrydjtxg430hdqs3dr65p55yjayaq6c8z8n2,4.5268096013248907987343763370
account_rdx12yem66wgm2dzfw9r6hscal88lzth4zrpzuduq986mu7x0gglsg5dsp,4.5268096013248907987343763370
account_rdx168pcadd7nexs7m0w0tht4dgy0sgsru3n5md2s9ydqe3e2smajectfz,4.4414355605981494371792981080
account_rdx16xakv59zefs2uw0h0shqw8gtgk3hq00y8jkrsvxyqmj7pqcr5kp9my,4.4017419392372825682825738505
account_rdx129k3mq6etyenjyylc8pyg02v8syrhzhky9tdvzrku7x84jju5wm7hm,4.3679741767169998935156256670
account_rdx16xhv3kgulzh8ff499ryr0fyslj902gjp80yee7ynjmkq0e3ewv98lh,4.3640032911018026208851574125
account_rdx1282dxusft8lqz4azr9j35jxrdm9psv70ygz2uwqlwxzu6y29rtefrk,4.1892843240331226251445323585
account_rdx16yygmg35tg8e2jm9sq7807vmascac4ysz4t4tpt38y3p8a0s30h4d0,4.1694298959571362619921873295
account_rdx16yt3xxdm32zad36xg89muucu3nnf0qn8hg0ap2y4nzgyamkjnml664,4.0284634566176330836105473905
account_rdx129gdzpva7h36e6rd3q7438vcf3a3lsd4ek2g3ljce8d2k0z75k9znx,3.9907400432732589936210940210
account_rdx12yzwp4az4ty7ylamg7g26guuqnhfpad3kkc4wvatuvdnj8qlsehf8k,3.9788273864276671757296885745
account_rdx16ykf7l7ncm3d5hs8gwd7rpe6t7hu6etesv4cxnljwuggktfzd5vlcg,3.9712827037587923577317970810
account_rdx1698c38ncu0kyfjr4xdsew0ks7yf0tzgcnxpmcn0j4yzspgcsmh6svf,3.9708856151972726304687503580
account_rdx16xrtxjjtwtxmgm0ywxjs4f9kq4pu0uyt5ep2lp8mnjjnkr537swsvl,3.9708856151972726304687503580
account_rdx1687grn4y593gh7ts96nm34f8v6p35alrtu2vuq620ryt5h89dxqtj9,3.9708856151972726304687503580
account_rdx169vt3cleuf43px2aduh65gfkpzq8kv2ea3c05j059umg4nrsj37gdd,3.9708856151972726304687503580
account_rdx168wdpckj2ndzdw8k6aykdeeptzpe8g7x4ufrna7v6ny6nww54vzw0g,3.9708856151972726304687503580
account_rdx16xaqakngprajm39prlgrnetsvdtpgun76u8k3qy4v2984gww8tth9c,3.9708856151972726304687503580
account_rdx168dzlvxtjss9httths9vrcnemuuygzm9r00y8z0fk3400s7qzty3n7,3.9708856151972726304687503580
account_rdx16xn8yxa274vgqq7pahl9d7qp3jr84drcgh4v7usna6cv6sr3j28qjw,3.9708856151972726304687503580
account_rdx1299qpqzwfh84002v803n282dem7ar5u8wnjsgkdp0302l0uk88u532,3.9708856151972726304687503580
account_rdx128rvka7mmnr9wguehy46vvvpv66v5ydr09ye63czaqqw5j8chcpsae,3.9708856151972726304687503580
account_rdx1686d0um0fuy4wt9t9r6f9vpr95a4p2fqt93z5cn3hhuq8rq9m7fyrj,3.9708856151972726304687503580
account_rdx128jr4qwatt8nt7tztwqpk0rrkwackvqzjn3tczjxw5jm5wvjfdsdsd,3.9708856151972726304687503580
account_rdx1297gfn7pe055xk4vpxrnklx2y3tzkl5rhckkzfsd7k53n7wmy367sc,3.9708856151972726304687503580
account_rdx16xmlmmuf0e4pp9xerczw9gst9awkpuujw6g0xuy3sluvrqex0zqxdw,3.9708856151972726304687503580
account_rdx12xd6dy97k8k8jvank5a66thfe6a3nr6g0qntl3rgmav5vmpfzwdeef,3.9708856151972726304687503580
account_rdx168ph7736f2jy8e98a5rsgq6rfgm7n8zhp6qg6lt0aa348n7pcves9l,3.9708856151972726304687503580
account_rdx1694z3fs4hu9xq9msj080dke3qp95fgjd4rmevw2segk44efsg6pvas,3.9708856151972726304687503580
account_rdx128p3wpndruxungzq8hqmk5rmdxlneq7gtdjxunxuzt83z98nq73yg4,3.9708856151972726304687503580
account_rdx129pl0vrja9eh7umq06nm9v8p3f8s2yy7qrm29964a9nexw9lx6wzuj,3.9311767590452999041640626905
account_rdx16yzvsjylg6yrgcnh7q792hj6ls3zl88f0hd7wepy59zhuxaq0ql5sm,3.8458027183185585426089854860
account_rdx129cqchtyn4rfmwrfseds5nedq5m8kzjgz24pzghpkpw326xhdw90ws,3.8398463898957626336632812260
account_rdx1696st5exwnttpck0ruaysmdavtfanvmdxkp9l6mmx9hamthpll83ae,3.6532147659814908200312514085
account_rdx1692dmne89vsd6exafqt6xtwxyaj9gery2gzxatpcyz39hrcwzewphm,3.6532147659814908200312514085
account_rdx12y6l8ey7d3y96df5nzn4nh496whwe0efwnjlejhgzrrz8jr93jl49t,3.5737970536775453674218747075
account_rdx16y49uqu4gwtmd6kr6z5j4zhtrg9q7s4cjv693qezva5549kns3hsfk,3.5737970536775453674218747075
account_rdx12xa0xkghv8qvwdwtthjcezun7f5zpr0f03xmc49w8gsj72937crvyg,3.5737970536775453674218747075
account_rdx16xavvg95qjzgwh2yq8fxzv6jx25gj4lzrej6pfc2mgkaxnn53pldu0,3.5737970536775453674218747075
account_rdx12xgma24mxwzqvkv35vk95pz000ca2nal20sss53s0t0nj3ec2vrp8m,3.5737970536775453674218747075
account_rdx1287kfjayr0xdzhp0t9dxx9z24l06ygpu4gp0vzvnm9l0u6hnlyv7fc,3.5208519121415814676232502655
account_rdx129u08rj0e68n3327rrs48c2envj2nfv8ep2tt44553f4j9d7fjpu7s,3.4943793413735999148125007385
account_rdx16yud6vgd68f8yun2j5ece9lkqekt4nkfyeuce9eyaluamx3tx4dfu2,3.4665831420672190063992192005
account_rdx16xmckujdl0k86ztlkkguwukqgxacfa0vldq3kwn8yc7nn5n44kam9e,3.4586413708368244611382809840
account_rdx168uaxt3advcv3tctn4yjp9ptsg2dlqyzsgrkk9y6jpt5kggexdfwkk,3.4546704852216271885078130710
account_rdx128r3kf7pe3vd04xj8mdaqf95z8fnqnt2n0ucwngx4tknkm45p2g52d,2.7306955309236415003381631790
account_rdx168ke9d2eqjp2za0tcpq54zx7slak2jqh7hu4gljj05fcsg4vsqycd2,3.3752527729176817358984380775
account_rdx169t6qpr86zf25z02rn2gupmefzf90uelfffqhh7kll6y6uns8jc4r3,3.3355439167657090095937504100
account_rdx169fgy279gar2gn73qcpe72gk5084umzg7upn3e7j56p0ksafsgly0l,3.2561262044617635569843757580
account_rdx168vc2czvv405zm37dkdx2ha2fdk6hagq7h8p04qehtmjaqcdlj420q,3.2537436730926451934060947370
account_rdx12yjntqepfkxj8l5zgtps9vrdrutnl5l6xp2v323sqxwj2jpj94fus9,3.1767084921578181043749993985
account_rdx12xm025vwt6n6m84h9t55fyqxgfaep0j24tycc6f8pvwcjahmzvhg23,3.1767084921578181043749993985
account_rdx129lm0fzzwhda68zsn7jt6g45fx00kdzv5djdk8xqdkzp42gslrzfrh,3.1767084921578181043749993985
account_rdx16xuw9pq7xl6qazdp88kcy8z2d0ly5t56nqyuysvzj3ymd9thleuspl,3.1767084921578181043749993985
account_rdx12y5sy0kq248ratafqsjkvf5h3jjt4lsqtf8dde6maelau4gc7856xu,3.1767084921578181043749993985
account_rdx169d0dpfwffr4r834nn87pjaldrusyarmzf3xpccmffz97jtzm9wv5g,3.1767084921578181043749993985
account_rdx16xd94xx32wt3shcq3rphs4vcysw43y4480h8yltxq6ng7fa935ym0k,3.1767084921578181043749993985
account_rdx128pkc633n932sll7r0h8pktvgdx9hp8w9mmlhndqffx40xt4ypm579,3.1369996360058453780703137800
account_rdx12x589kzaxhnyp0t3sfukgu8m26m2p5m688gt8rxcsqnmsque4l4550,3.1008645769075501971330469610
account_rdx16y063rdy9u2ct0g7mkxzzpa0utrh89su27f4wtw6mg2hk8l7hvxvnn,3.0933198942386753791351571750
account_rdx16y0shd9jn5gy9uagk0anp90445nyqjhxsedj0u0q5apnwxvkqqp95g,3.0889519200619583792416418560
account_rdx169v9wkndnj706m8c2xc9r4jua8vh9cr9e3k30xzsz65xl52t7l6jak,3.0575819237018999254609374205
account_rdx16xsv65jhluuyv9a966wtyyjcdw2kyd2qv4xqqk0h8a7tuklq2qm6dm,3.0377274956259135623085937575
account_rdx129xtn8hxfgxlef8xed4da6zs7en29ytyf4ntfqelf3nfslywnjptpr,3.0178730675499271991562507775
account_rdx12y5vwk4c2fx2jfr4n07kjtfpep5gldz8c6ul8603uxt0tw4802avfp,3.0178730675499271991562507775
account_rdx12xquqjrwslyvhdezlk5qk0zw0wlg58n8fq92ld5rtjn6z5kgztvjsm,2.9821350970131517454820310230
account_rdx16ye9e0jphyd7apj8u7wv7f8jefxjprgh7h3crkejg5tp3md4ukfget,2.9785612999594742001146094915
account_rdx1282vrzfkzxmzrvdg7ze733uyjgdrgtw563sxsw9h47cxpf9dhfp0y2,2.9781642113979544728515627685
account_rdx12yyxs46mfrkkw653lm8k2a4r05muv0r6203pcqf7584npqsu4yc37v,2.9781642113979544728515627685
account_rdx16xakt3363rjuay7x08wsfm8xp4ktr055x5nayanvtcanec6jfczge2,2.9716122501328789730112894485
account_rdx12yjfhus6938uvpnj4t3dy2qe32g002jqs5jawlkxurxd8gdpn6daqz,2.9699145376969575310708585515
account_rdx12xe0lnghfw3qfv6s5mksa05ywpvecxk6c9ths2mxgg0qh07duzysax,2.9394214717161592429778677965
account_rdx128eejshz846zvjer46qhz5vewf87ys6n2qhxm6qxnzkvwydknzqsax,2.9253514327158307468663274365
account_rdx16xv4qgx0dx5sc55armej95d3gu5shhjrmsp79rtawrnrlxw4mhekca,2.9106591559396008381335935630
account_rdx128rmwj280yamhxnevn262djvnxkvy00hujwny8uthg9gt59hq9ca55,2.8844513108792988387725009660
account_rdx128ly2hts68mvjk45t44nzslh3kw5a84zrdnytyjh379mht5087vwzg,2.8622143514341941120418749160
account_rdx12x9skvh5v7tjh7szxdf8uanqyk6gzsw3lh82lrg3q8kaxc9qxpptsv,2.7796199306380908413281261385
account_rdx168fl735m4mwn5lucx40mck986ydmccnkj694nvykmewzngc64ftjs5,2.7796199306380908413281261385
account_rdx12yvq4zm7rkax36xg89sxvt0qgryss554d3t0642uf06dsarlshq2yk,2.7796199306380908413281261385
account_rdx129s8h43f5hgxgp305yt9s5pjx9kgvqcdtxue40l5jl3vhlnutvuf89,2.7796199306380908413281261385
account_rdx169q0d6zqw4xp9kwatu2am8hq3ag0uzxxhj5c4q76yz89zr9gvzsksu,2.7704868937231371142780470700
account_rdx1298j8hyj02597935w24lgk9w7rm2kjh0d90acndwky2ys5qhkd40pg,2.7248217091483684790276568500
account_rdx129cn6yhye79mqfmj7s3p5hrranlygphkqe24n3vs0tx8ptvw3cplc4,2.7002022183341453887187497790
account_rdx16yuqrj69adhwww9rgaw3t9thpfxj9qvfj0jjxq227dcr6cmflqp0ef,2.6754920464495388943676587045
account_rdx169ya4cxdu5eflwx9xxe5drx5nj8s3y9n4lws9qhs26tgcag0k0hmq8,2.6049009635694108455875007430
account_rdx12x9mt6z4kkeggxzmxyx048juy9x42gvvhkvqhuk4hw4rj3dadyz5xs,2.5810756498782272098046871180
account_rdx12y5tkcf4un9wcj5u7png26gu2dqk30yzq5j0e6yusglst9aye5vruh,2.5810756498782272098046871180
account_rdx129wvgummp07s8tdv9s43gj8z8qqely2l38dx994lv0uhmtx8dhkepf,2.5810756498782272098046871180
account_rdx168ymcxn7w274ywxq6hx2c96jvvuw9m9cm0pactsu9m6hau3xxz8tgt,2.5810756498782272098046871180
account_rdx12xhsym82je3d99r053vx7998q2yeanryhg7ej00swddhtla0kw8w0d,2.5612212218022408466523441380
account_rdx128tc0xjhdul93rtykg9yasg7vrrznv6vn4ep8aj0m55gmveju7xzjg,2.5413667937262544835000011580
account_rdx168uekz4l9sypt5x559myw9nf4nwvhcql4aqefrf6yhek79mtcdzzzf,2.5413667937262544835000011580
account_rdx168q0ytdqxsxprwwkfy4t0z6v572jx0pfg2clwpyn77d3pvxww370q8,2.5016579375742817571953128075
account_rdx12xarmwutrgkgg8v2h5tkgyy7dg8x8ja6sewmj9c62843n27p549xqg,2.4933190777823674846713278680
account_rdx12xzk55yurjnj54uelj7fhnypqr045cv46yp4vw6j600nlekgsa5ynw,2.4779368596304970498190508170
account_rdx16yc4etv6p7jumv8y2875afvxemudj26twq2wsr7nqp2znadrf36629,2.4619490814223090308906251400
account_rdx12yjmxnexj58hgsrqmy3cf6m4e7t0zncvdjfsqvmp5vhllw4mgysl7k,2.4242256680779349409011727950
account_rdx12yf4yuxnrsvjdu9hck84vhdmuzdsf0fsac9raakgghgnvmp7chc6sk,2.3829284576798833055442975525
account_rdx12x2678wdrtsvcqs7mv0d79whsywhszd2e0lzv4rmyclshv80zg4l6l,2.3825313691183635782812504880
account_rdx16yc5g4k0xc9vsuymslwqrzc3cvu32a6vdyv00v8e5dvwu2tpj5dc96,2.3825313691183635782812504880
account_rdx12yjzz2kx7894enuzfv2de06s42cwq003s8wdxw7pf89pfxl278qfje,2.3825313691183635782812504880
account_rdx129ncw0sy6csy9ezmywse7087e0clw5c05l4kjt2cy36rnc8yd6axtq,2.3825313691183635782812504880
account_rdx16x0d2ghj37hzghsllahy8xzt72qdav7505wprm7yccnam70jn54cws,2.3696105430025690960952538525
account_rdx169rtz9ccdjfwktltxqa3ams69vrmgu8l3qpujgpezx9vj20z5m8gu4,2.3428225129663908519765624790
account_rdx12xzkff2fj4lh0we97r6k3h6a99vm4422q5nsld656wvlu0xyf47qs3,2.2912009999688263077804693650
account_rdx16xk50tq5qea4ujgf3y0k5x5fpt7s6hrsx2vwyyt4n8hmuxdmhuvpys,2.2832592287384317625195311485
account_rdx169erm5qgzvdup7xynwhqatk5wdu606q35u2vq2tmkngml9u2gz90u4,2.2395794869712617635843748850
account_rdx1280ams45gtueqp30kjdr507tp53wydptu02de6tcmgsp8dh9zr9uf2,2.2236959445104726730625001595
account_rdx1684avnnvfqmk86sn8p9mg38r9j9ufd5cqc5sdqrsrmc68ev050tpeq,2.1403073465913299478226555455
account_rdx1297m007vgj4pj42dlc72h7wne5fvsn4m74gcmxd34rzjqxeq8nj7gv,2.0648605199025817678437498310
account_rdx16x0h8nq2kw8kg27nqj0wwc888vf5f68m9va02dzwc8l8t0x56jyj0t,2.0450060918265954046914061680
account_rdx16xwzl54pdu0877ewzlwlgkl4hn0uvuyv7y97mf7djmgtmrwzppx7ta,2.0334905235425233140630471030
account_rdx128dz4hhjs8mr3t0ke5wdhmene7zg0wn4zrujc4seqmngpcuxzy7lg3,2.0092681212898199510171884625
account_rdx16xm8sj2uvvy9vzznw9m9ttmzjq03trmen6ktj904utul94cvwu5r3s,2.0013263500594254057562499045
account_rdx16xahafrnrdjr2659emql8htqgm9yx3c93w99kj0ahsuq49ervxw3ua,1.9854428075986363152343755205
account_rdx12yr4l6sm8akw0umus7sdkwegzskfnq9dkvm6f3363gnwv9v0eq8rcn,1.9854428075986363152343755205
account_rdx169a3tc7c0w2jz64aqc6j3fj3aw5y9tgdknv5v79ce6janx9jcenrpn,1.9854428075986363152343755205
account_rdx169q8ep4gq6ncv42dxl5zxy6mr399zc2j9yd4w2qwe7f8wca3t4lr7m,1.9854428075986363152343755205
account_rdx1694ullvfs94thnzrl6dplw3mxw5dyalsdv978t74ycp6zwayecenw5,1.9854428075986363152343755205
account_rdx16xqsxzjlmcj0jtzrcdcs2jmsagwfa5a3gddyvmcmdnle7ugs9agdhk,1.9854428075986363152343755205
account_rdx12xnwrewg9f2nmgzztzwaawrgx3w7p85dm88ene09xfj9a0qr7kx5va,1.9854428075986363152343755205
account_rdx12y5wv54adg4xj5xejyxkxz7z3jd4hja9jq0s2mdhadr63cd23dqm3t,1.9854428075986363152343755205
account_rdx16ydzpzxk6s9fmscrxdkzmfcqdt9f52psyr8f990y2wv5kcs6yvnr8p,1.9854428075986363152343755205
account_rdx12xnuesheg6hm6edmvwq7n3hfm798qmsfj44h4d74878ucug69l9t7f,1.9854428075986363152343755205
account_rdx1699z3km2lr4j9ku2lmcyths75jlt5aq3y8mwrvkc77r05x47ej4hhx,1.9854428075986363152343755205
account_rdx128wa6uqtu66qkm7lmdhs73fnlhlruc5dzrwak8ayy5arcp0h4a9n99,1.9854428075986363152343755205
account_rdx12y7v0vffzuqzln9rhpv9ky805xfd3qvwcer6pgc52qkquye6khlac3,1.9854428075986363152343755205
account_rdx16993fau8ad50ncm4t4j9scn5wngrh3avw7wnn3q43lk6le2yet66ga,1.9854428075986363152343755205
account_rdx12xpxmwkmumghz4a8j8ngldrah7mzg9jmgnwt9qqdg62ytnvm3m00c6,1.9854428075986363152343755205
account_rdx169rzfnlw08dlf0etvzu7t7mf4tqx69t6aagj8ncy4wn3xhy2dl2l3l,1.9854428075986363152343755205
account_rdx12xe7jk7xzt6ktkgzysrd9nr743rrmgf8v5cuw23fzlwwn2z6n7etjt,1.9854428075986363152343755205
account_rdx16902l0qextfyppglrgfz2vaep0t5s5xwt20rkz58dwswjt3zkz3zd7,1.9854428075986363152343755205
account_rdx16xggzlrjtq2t258jhrr76aua7x9mjqkle3e75ltc9mmkywupllq6h3,1.9854428075986363152343755205
account_rdx16ye7xkacuqr23l4rp8cunx7gj3q38myj3jax53vuyxx296ykrwrdhm,1.9854428075986363152343755205
account_rdx16y5wwn3gr8v5f8f6s99533mnnyluezd3t7jnzl8znwfvp0evhmld76,1.9854428075986363152343755205
account_rdx16ysrx8k5nlece3592drtu8n7pf3k8c7jew90lu9hxsm09c8ee69nyd,1.9854428075986363152343755205
account_rdx128c7xgd62z5xecw25tjek4snln0hn8sxa40vd2gn8ce9ptr0cdyekk,1.9854428075986363152343755205
account_rdx129hxzz622cc2zw4l4t3pv7raq773gs8n6hu3e4culrqvhsh9xa40pu,1.9854428075986363152343755205
account_rdx169sk2d4fzjxdjqq4s69z2nu7tx7nccwfx9kummlevfksw2h6e3n8q5,1.9854428075986363152343755205
account_rdx16yvkw6ad2andevpx7z5865flmpn7vguvwvvmsdw29ahf6j58apfmt2,1.9854428075986363152343755205
account_rdx129890z4dahczss95mfz2snmyhfzguz2xrqz6xxfdmqzflx8aj7swyv,1.9854428075986363152343755205
account_rdx12xu74vru9a6sj6qm0k00tvagk56ca4fmjczvp9033vytgnrcm3gq6p,1.9854428075986363152343755205
account_rdx1692gesqsjeylp6hkt2cxtts2u6h94ec0xptagyld08hyut3c999gte,1.9854428075986363152343755205
account_rdx16xpk6j8r24mkef70va79rj70w7xxs4qjezwkknmkpz846gg0c792wg,1.9854428075986363152343755205
account_rdx1699g699svj0899pr6jr99rhq9pqfgcx55fcmpp90cr6cgmt2gznf3x,1.9655883795226499520820318575
account_rdx168fk9904yllzx6y6s574smejwxuayzyrdghsfsyu0ga5wgd57k7vf2,1.9650920188207502930032226000
account_rdx169ln8682dhelk6zlmrrm4ync4queckgvutl3fglnf7y4ex7ahr70u7,1.9457339514466635889296871700
account_rdx129r7ue43zatzmz9hmu4q37kpp83zu907rpmt2w2wdsxt2ff2h2paj7,1.9457339514466635889296871700
account_rdx16yr77v5u8tld2u20zzfqs59zvuqzswcgrnutv5qwf7jhmk7kr2jhe5,1.9258795233706772257773441900
account_rdx12x02g6hxhx7sdmzffc0qj3lpsy3mkn8g0cwmjwuwau58uye9pmu2kj,1.9080105381022894989402351665
account_rdx169869ept5py58zvjvrdyqjcyeuj7wdd99swxw57ju9awkh3tx2d3jz,1.9060250952946908626250005270
account_rdx16xfms4vmme4f6tk0ydnd97lf00nc0uh2jfx3ndl7k05c7e83z4hgey,1.9060250952946908626250005270
account_rdx128q0wddadua9203qtvfv0hx4cs8dd698t2t9092q5uc2l94gh88c7e,1.8790230731113494087378131180
account_rdx12x2qug06n4vc4d9v4ux3pvgj9wuvxl75kqqw3q7yt7mpw9llx02yu5,1.8663162391427181363203128595
account_rdx129pwqw5n05hee7af855klen2vxv57q4c7mqapxnhzxzjqlhefxsj87,1.8623453535275208636898449465
account_rdx16y2uwcr6p99v0sc8rq69vj9hmdcx006as5pmlkff7y2g0x38mdjahp,1.8599628221584025001115639255
account_rdx169n5vme3lclgvfze8m9xaxy76q2xf4rkc48u6pczxns8g34suyx4fc,1.8464618110667317731679695380
account_rdx12y3xnjnpnxfzw7x6r5tkszmj6lju84y0u6nc7al6cfm0rzzy668u0r,1.8424909254515345005374992345
account_rdx168kv3g4ghnjn6j2v37ynxm5a8h88j486yeur0n7s6d047jnlccvweq,1.8266073829907454100156248505
account_rdx128kzw7vcrwjh9nt5jgkw5j7sq339xnr50fkdymu2cn9xd6uvawlflk,1.8266073829907454100156248505
account_rdx16xyq5jpmcmvz79hwn6akcfzry2wyqk3nfzkcas72mq3ds33fl9x0zw,1.7868985268387726837109385490
account_rdx1297ptxla0tejxlujp89zqs7jfk4fwl5z2kqaem93f05fysell0c2z4,1.7868985268387726837109385490
account_rdx128tt3t29ljandyj5x7yd0j2qk5cutslrwnalmcgjvttrmfhq522e3e,1.7733975157471019567673441615
account_rdx168vfdepzmx75x5mr03kkl06zwur59fe0ykwxhp307lvxcngcc8xhaf,1.7471896706867999574062501985
account_rdx12y6pl4hsrhap72kyh62jam5n7kmkxcv7zpn65puh4z3tyq7flel4ht,1.7443673240269423439114188290
account_rdx16ypswd955n43ad73g4jq53mkuthdedxk2fww3d0tlvl0fdfjm93hfp,1.6876263864588408679492195510
account_rdx12y4cd9nsxugfucn66wd53rk326ynumsnnfrc523f0nfkvxa26dv5ny,1.6557004661126547960002510010
account_rdx168ugrhenjh2apyzm3xd3yrs0fk6w8fytfg3zqkhv39elcu7vl3lau6,1.6522855044835851415380475440
account_rdx129jh2zrwhvm9mtuk5ktste5m2cyg86uz7dfkpqpsmtp4lz5mh6wpfk,1.6439466446916708690140629460
account_rdx128fmx9sy6t79dnjepj0eeel2ymauesfxz0tavzt9w5j84pcsah0qq9,1.6161504453852899606007814080
account_rdx1282909havtxvxgj6t546e48mjkzu59h4gsp5u4eqes5hr4zztzns3t,1.6082086741548954153398448990
account_rdx129hj9jukklqvhe6jgkx3qdqh6q2zfrgpqle4muv7ujm6frw267veap,1.5883542460789090521874998700
account_rdx168ty9t5sncalf3xqa2q5datj85zmgfy5la92p8gmzz47tlm65tjlg8,1.5883542460789090521874998700
account_rdx12948e6t37uakxmws9rwzg5pxevjq4zlfj2nlencsxs0enmttw3jx2f,1.5883542460789090521874998700
account_rdx168j7su9000fu9dlu8j3duzwjx2xmlph35cnye0rskjsm28r3dnrwp4,1.5883542460789090521874998700
account_rdx12x97smt9uhfgcyqf5rl6mxyspr2m8dazqdhmn5duslcvlfma56cgpz,1.5883542460789090521874998700
account_rdx128y5fe5ewm2c66n0xuwfj35jupdac2pqy2xe5fnv6lms5twqjtt9m2,1.5883542460789090521874998700
account_rdx129tsqy2v6qlrxp36cd4ffr327yzzujgha3e6xtjwp7ckn8ku85682d,1.5883542460789090521874998700
account_rdx16xrf2pd2yny5rsmw5vk2ygqchturckxnfqkp7djms2wk55wlyu9ljl,1.5883542460789090521874998700
account_rdx129waksuk4cpjwj7wm2yu44rlja9kyj0y6all5hrvzuelacy3gjma6k,1.5883542460789090521874998700
account_rdx168jq7rc0enlx0qq7ugrejcuwv70824su2fjfkdqqc0gpq7f3uewvjf,1.5883542460789090521874998700
account_rdx1298hm3gr69n45mthyr8ufwy0kc7j9sxrac75aw04yuq9727t62u4r3,1.5883542460789090521874998700
account_rdx12xpw2n7a8aeqehxwc9hahd7fdxxmhj2948nva77p3rtg3q4vfmcz53,1.5883542460789090521874998700
account_rdx12yflkd7zhyx9pnd8sntw5fd3gzmcnflg7uv6kqvucn5kucqpx8wazk,1.5881019360069194174845608615
account_rdx12xhf9727h4ay9vvn50ymrxtp6vtwn4zauf3fm6aves9q887utr5wq7,1.5684998180029226890351562070
account_rdx128j2vv3j8vj6wtpmgxnn696swks6696zjsawae89lffqfm4v3agzsa,1.5677056408798832345090627610
account_rdx12y8489smlsazx0383xfygxmhv8szwynnqdn6ueyamynrmsv5yyzd6h,1.5049656481597663269476566220
account_rdx12xzxeg7qefffudr0m9zyqmetjw56exp5cqk9krljpwt0um30yt3k0g,1.4561237550928398735928902275
account_rdx129f2lvusl9gylxzttc4g6ynjstyuwjd3hzr35m4shhy807lalpe60k,1.4414314783166099648601560125
account_rdx1687q73hwtncnhzhszfvz6hc09ckpdngseyvgeravax8gq425n37542,1.4215770502406236017078130325
account_rdx12y6qrq26yaqy999557emelj2aj4wzng30j7rfl5dguldw8jxuxzgjp,1.4129073759681072444009845245
account_rdx16935f99rc2rwy50sqz5cnfs74k46t2gsdsk6e455z4eyf2xgzj5qqg,1.3898099653190454206640628985
account_rdx16ygc52kxzg8ren7swwhau0metjhpge0h6t4lc7xu0fz7z2rw9r4mqt,1.3898099653190454206640628985
account_rdx16x3ndu3gr57mh6frhq097d3fcyqthut6rk59j8n9r4pu06rd2ywhpy,1.3501011091670726943593748895
account_rdx12y80c9fhu56gt0sww7yws9scegd8e8m3aw2n5hgvgsvs4psxutxm7d,1.3262757954758890585765633135
account_rdx12y208c96h26n8nexv6xdl7c25qute5m344fm8c5nglnvnnxw60j7cg,1.3103922530150999680546868805
account_rdx12870jsuxh5allww8utzfnq6mpzd4kjs47y73y62uaturj2whjnvq69,1.2905378249391136049023442420
account_rdx169j92vz6j24vn8mdune2fcq9uxq077g9d5dhzngm0ee2uyw7zw34uc,1.2508289687871408785976555500
account_rdx12y5mruk28fataz0t9nd0vq8lky0h7u5q8xmt4dawsmfysa28km43lg,1.2409017547491476970214847430
account_rdx16yhuxqv44yc6fhskcuzljd36nzq8l0tstpmptflamgl7pgt6su6dcx,1.2381221348185096061801573405
account_rdx128alt8kzz9c2qpgmp6fcx0xevuz93w9q356746lr4fwfmfjgy4wv33,1.0576448956734518504569755230
account_rdx168mzv3gl3lw0wm36ve69c86sqhzpqf2unq2xjuyfr53tmchcgljdp0,1.2270036550959572428148439740
account_rdx16ykfu8vcu88m6hdnsjc26ynd0dmy2rnu2e9sc88z6n66xsxk9vthqk,1.2250182122883586064996100175
account_rdx12yzkcwq6vzrrgwxxtx7ryylsqckk7s2dtap4u9kpzl6jkvzycckplh,1.2119142897582076068190633775
account_rdx12y0u870v35m9mumf7fdk7pmugur9zsw7nnwfcrwjcnax3wkgqgv0lh,1.2111201126351681522929692485
account_rdx16ylfaqyaudcysfcezzv4dk5m0arjaa2k2vek04l9k87kuazv3nqxq8,1.2031783414047736070320310320
account_rdx129k5z2ru4ev6flnf398e63tpsqnt034q5wuasuq6sr5vt9p7je5232,1.1919010262576133527614999325
account_rdx16935zzhd0me9sckl70lchf5g5s9x2dfcf4vu7d9vsfytlwhwk5xkyh,1.1912656845591817891406242195
account_rdx1690y72mwyum3tvh5prrw82ks29rjl0w8k0a5a8x5gpefnz9e9wwcf7,1.1912656845591817891406242195
account_rdx16y35j7287swhex7j4zgvsrszwzaaanae4pgtgcvu4esaelqtemp8u3,1.1912656845591817891406242195
account_rdx169zckptl50e5tuzlm2ydcps74m7a26xkfjv42d2uyee8nhtcvw7lvf,1.1912656845591817891406242195
account_rdx12x79fkk3dgjyvj7rhant7ft7re84dnug3w43g90fxuxsrn04qtn3jz,1.1912656845591817891406242195
account_rdx128g70u33lv076jvf4gysk5f745uwxcqzru0z5ahukuafartvtw262a,1.1912656845591817891406242195
account_rdx128wtdn4fzc7cg62a59zzqa6luuhl3tjyk7u8xrc7cyulns0hmxmn5s,1.1912656845591817891406242195
account_rdx12yglgzch0rnpvkpgrausz2gkudmywxpwwhlypx9t0k9y6fe6e6kc3s,1.1912656845591817891406242195
account_rdx129k62esj04velpkrj68yrpk62jk4e2730q99yv4tjn59l29laj9m7s,1.1912656845591817891406242195
account_rdx12x5njr73q9ch932yjw7sxh0e27zuxx0zvae79a2qd5xtyc2w9892wl,1.1912656845591817891406242195
account_rdx16ykf5d39w2jn8aym0vl5cpz5y72x6lhxu2ddk55eptag7yrheqapws,1.1912656845591817891406242195
account_rdx12xwz2yd0es2le95xdwzgkvw8hq50xmk8247xaydwh0qccfwq2hagvd,1.1912656845591817891406242195
account_rdx12896ev6naxt3qhl3ufu7sc59ejr0fur7ulvg2m4g4lpx33h7zewl24,1.1912656845591817891406242195
account_rdx128fvc0armt3xcyun0mrql7qnu654h32ylmz6jl6mnpl2f8kdnmnxdq,1.1912656845591817891406242195
account_rdx12x9c8hqh9m5vya32mj5m2tke5wk3wx92pwecrj8z7drx32yakz954f,1.1912656845591817891406242195
account_rdx168esmxj65d5xrdxn6atqd99sgfuqjeq5l3cve5jqkl04q8qp77wa2a,1.1912656845591817891406242195
account_rdx12xx0tn5639x79ckhxexkv6zj7yzfgnl3uux4n2m93507k6wh4shwe8,1.1912656845591817891406242195
account_rdx169fm8vyar8eyx9m6ykncuncxxhlxjuex40k6m94ncx75dg6dv363sh,1.1912656845591817891406242195
account_rdx169fthpj0gh7qzkg60ngsca8mwh3m67jj54g8457y0ggtdtsqusya5e,1.1912656845591817891406242195
account_rdx16yquzmdjkdt93vu39ux90z057tt9nes542592q3h6tfjtkr99lu0jt,1.1833239133287872438796877105
account_rdx169c9fxwn0zwhcl35sq6hkj7vk9m76wl9m0qh6lnn49640w8kdrs8sy,1.1674403708679981533578126435
account_rdx16xyen9tm8cvy6qr68kw65kcam3l82l58z99p0a8s7pz3n7magzx88d,1.1674403708679981533578126435
account_rdx16yhd798d98wa8ghr3tktg053zzhqkzahepxwlu3xdg4fpuk8ydg8vr,1.1515568284072090628359386010
account_rdx168fj80a60dg0c2gh6dd62fhgcmhhnf0mnf3prhm6gqzc3a069hvltv,1.1317024003312226996835935720
account_rdx12xaxk9n5ljpp0yll8w40zmj0gten7q7wf8w2qymgsph85f05th3ngl,1.1277315147160254270531249760
account_rdx16xypjjkznprg0ufamu3ka59d2kn57tq3r9dtp3ymmzu98avexm4uhm,1.1118479722552363365312499090
account_rdx16x8wx70wmakqa0ew9hnnpphkte5ypkydtpzhg3u84w8tjkpje3kvtp,1.1118479722552363365312499090
account_rdx12x4lnlaek8ws5f3kr5rt2zmqa2mr623duhazclgkyq3wsuc0psr860,1.1039062010248417912703134000
account_rdx16xauf0qt4klppdnq4q3dpej9lu4rmse6cl6c0t0fhczxfn25v0ge3t,1.1027149353402826094811711820
account_rdx12yk0lzw30v0efxj95yg90s6urejxt8c2jyf0w47kaht6mpm8adwv7f,1.0890216936759801825695375780
account_rdx169ut7m64zwrl5a94u2ug5y465l9h09kwzwtn9tcvezs3pj4ntyxuxu,1.0324302599512908839218752570
account_rdx16x3tvanktj47dm2cam47pmmmgqrcynxx8mr8n7uwsy2kmxp4d8j9a9,1.0324302599512908839218752570
account_rdx16xkwcspqnp4y4ge4r6t7wpdr3pqmawpetq3xt6cw9sm7jcej8lu84q,1.0324302599512908839218752570
account_rdx129wdp69u3294llnummhed9ltprswuz49z9v9p890856m65mn6sptdv,0.9927214037993181576171879310
account_rdx12x7s0ygwt02rrr70g3mrj6af63lnuk9ncs6e0u7vzla96lxgqwr7sl,0.9927214037993181576171879310
account_rdx12xsdsc3nr6pxumtmyeu3u7cffrua6z4jfgagu2suzdf92u6xl4stav,0.9927214037993181576171879310
account_rdx129vhf5cmqatsrhyyj6uy9073ezn62ej5ewduf2s0m0vkrw5y4putkk,0.9927214037993181576171879310
account_rdx12x2dx5vjza9t6w6mwj433su9heyurg5n4l8t45txtktn7azh4cx548,0.9927214037993181576171879310
account_rdx12xznqlejyjydnvm3u6zveeas7leyr857zgt94pzewttwq8dwreg75u,0.9927214037993181576171879310
account_rdx1299rv7jzxf2g7ywrdszevsdxt0ujlkvlgsyg92p6gmwfq204zsudqv,0.9808087469537263397257807770
account_rdx128x0pnu0syq7rjn8zlgut40292cnp0e059fk0t064v7e7ryz2rqz9g,0.9728669757233317944648446095
account_rdx128wnwjuqk59qj5cfqcr69judsss6yukfp37fdcx8x57v5junrtfp7p,0.9530125476473454313124999220
account_rdx16y5vx372vng6ql5w02mema878hf37j7ex3c020kkgjvty55kk558vm,0.9331581195713590681601566005
account_rdx168ykspjyzta5jewrlwd0nj3u7h4t2j3gc77eqx2flg4t2teefn232q,0.9331581195713590681601566005
account_rdx12xm3flhpkh7ldrufmge3eur489qnxypnxhg9ncvvh05at7nsskzfsk,0.8843162265044326148053915720
account_rdx128t8rem2t0w5sy4xhzcd3ttwkjjwtyh0vt6hu5lnwzxgz4fmvjaqjx,0.8795511637661958876488278225
account_rdx16ymk9cgqelh0cwj0sgfn8k7c26s2kgtmcaa8decgr8anl30m7tq3vf,0.8735948353433999787031249285
account_rdx12yajwewc75xzw79fmc5qkqs8ass8jln53f9fygqcgy2qkpth2z2t5z,0.8338859791914272523984369195
account_rdx1294l6y7622jhw06kqma4vxzjajttg643jsgyl87ss4rff5zgfqc6en,0.8140315511154408892460942810
account_rdx168avr23lxu038amv9t73j89ggd356z4js7cez0vn4cx7c5swnsuey5,0.8120461083078422529308599830
account_rdx12xymkpsml9t65u32rchhasgzx32ajnnz8f6qwgts23rknlcrcn4gsm,0.8100606655002436166156253435
account_rdx16y40phzdlzg6xqng4kahk9yjyhx063yc09sllsy6taf6zy3eyuzfrl,0.7981480086546517987242192140
account_rdx168e5dlld3339puqfct707adp7ltrqxvm6gc3jyhy29kylalqg5lccr,0.7941771230394545260937509595
account_rdx16yyn74pdxj0jegk8hullpue6wqmtmydkkm3dlu9n89g56nu5wl4ppv,0.7941771230394545260937509595
account_rdx16xmyv9qqdtfjhplam265lc62fucfy93x3xw8sddkn6hr6s7tcq7uxd,0.7941771230394545260937509595
account_rdx1695fn2xyzuvqx6w72vgn5jahux84lv2xh5t9jur0t6a42jk5pzwvg6,0.7941771230394545260937509595
account_rdx16xex55ycz2j0fahl08w7te4de9gs9pc2pw0vcvwghf5ge7m49234sk,0.7941771230394545260937509595
account_rdx16xvdqxw6cq7p7p046d2zhjte5fv78ng8au6prhanw0vmp97c7sfy5s,0.7941771230394545260937509595
account_rdx12yj3qs7w25cew9yddls6mn4elw6583gppyug0eum8ldylm2dhzh9aa,0.7941771230394545260937509595
account_rdx129uvx02wj8fkp4fqyuh6wu0xxtnsa6hzhhhfnwtyh2963vgdpas08s,0.7941771230394545260937509595
account_rdx1299zcp2x7hudynha43tgf2secr2prkkvpat0ffdr22ru5slel33c3g,0.7941771230394545260937509595
account_rdx12xjupupql03fyhwgc5vugl8hy46jpehxxxmlkrjnvxlw3u4a0rj2q3,0.7941771230394545260937509595
account_rdx168j0x4as2029dm29cxcvaq6lq8jjv3qqhytu7t8em3nfxfkplg35vq,0.7902062374242572534632806560
account_rdx16y4x7pfc75wag89cdax6lnwk7cnwcs77wpw6sd8mwf2u9ekvwstv8q,0.7546056595297676254220772355
account_rdx129xa8g8u4mqh6fdz4hr2cenmejafa7g9yghzlnau9jhdkzpry339w2,0.7544682668874817997890632920
account_rdx1697ajdlne03fpwnz4j9c2aklw3pyajln3eh4el67tmskaw08wwa6kt,0.7544682668874817997890632920
account_rdx168qltsth3k9azqfzzqraz96p0p92f3wqp9zqmq6u0acat2zulvqk0g,0.7544682668874817997890632920
account_rdx129n8wy80sng7r5csmjw5y3x07jkum83k2wsj7zpqqkpalglrl85x0j,0.7544682668874817997890632920
account_rdx12x0rws5zzs4g4x2hp4tasmq95jrlcsl4a4njr307yc9vmecsf0qm4e,0.7544682668874817997890632920
account_rdx1682j2tahh32rwa8c8d2zu0dkdjhdu8y2fq7k9raremzgnpvhq0hndn,0.7425556100418899818976561380
account_rdx12yey26gam4qn45prajhj0fgt5hpg7j2ug5ayp0t6sl3ldjkdkeshvn,0.6949049826595227103320316200
account_rdx129s67aqu5gwh9vyulm89hrvftu96g2q3he2hdq3r5eqshkn7ltcq6q,0.6889486542367268013863287260
account_rdx12xk7s0zv909drr89j2cs0f3mkjsp4drdxfe8l9kgdv0035u5m2qahc,0.6750505545835363471796882985
account_rdx12y4y0srk59m3gffsyxp29wlt7ecqpjkgfxfva5a2la76xwwd9d6n5c,0.6611524549303458929730475295
account_rdx169a0tglhrfxvxtxx3mvuytkswehynuytyn9usaehk7tw0c4rxeewru,0.6357387869930833481380470125
account_rdx169ha5e8g3p4hl3h8epvm6zrkdjjpv4t9yl5nk7pme37y2swnvv5ejt,0.6234290415859718029835938185
account_rdx12yq2r7njvk6w4lltptzn7zm9ygwqj52ysz8yssav8y7kumvkpsex4l,0.6009273564331872448413197530
account_rdx169pfn0cyzuh2seyyj5f96cy546wuu2cp9atp3v37fw0kjdzdzaqdq8,0.5996037278947881672007805350
account_rdx16xeeea3sx58tmgjhn4jgggy4mcd2zcguv828u4h0m2ylg39wyjn8da,0.5956328422795908945703126220
account_rdx16y88sc4h4gjnsh6cn7mz4vfleex2at7n66yx9ujsct0k30yf6jx6d9,0.5956328422795908945703126220
account_rdx1680yfkllkqz5jkwk4a03ntrh7tjqd4h65dp7ymzetanygw950glv7m,0.5956328422795908945703126220
account_rdx12ysnfzec52czk963z2x2yy4z98jqupvv88rpt0n8wu92lul75cvcc0,0.5956328422795908945703126220
account_rdx16yhpypajx56sskrvju92w999d9n8kzwrx78g350e3f6ycprs4cfx4z,0.5936473994719922582550776410
account_rdx1680l3yfmu0wv46rdsd4zmmh2rrcmvxly3r7zvxhhhg305q7qsd36f6,0.5757784142036045314179686175
account_rdx12ykr5h9lzevrq5y7kuj373ewpvw47fzpur68uljgxkg8utetymw3ze,0.5559239861276181682656259790
account_rdx129w7yw2rj3dpjzvku759a2yfl3ekn4vgpmh2vk8hkz5gzjhmw65wrh,0.5559239861276181682656259790
account_rdx12ywzxavwcehl972kx99xa9uqxsq9zucjzs9q0zt8rkjttelk0jrd8j,0.5519531005124208956351563585
account_rdx12xjalxyz984eljjmrcq5k33n8q8n07lefkc2cwazsnmu7dtpkpuck0,0.5402786968037409141015775115
account_rdx16xvv2ll903sh4fgynawrny4larf32yngswy2glg2yu3mg38w4wda8u,0.5360695580516318051132809500
account_rdx129ty6gkjm8yczsyg0s2rgq25w8etrgtjv3a3xhgwjhhg4yvvn9wa64,0.5162151299756454419609376285
account_rdx12ytclc359y9j44kyqj49aeh62qdj8cyt4jugt87d5j8vy58azrq4vu,0.5162151299756454419609376285
account_rdx12x5ersqw6p2n8c26vj0vkllecc9femjq2xdf6f0e6acqfxgt05ha3p,0.5162151299756454419609376285
account_rdx1292pvuvzvg3zxeg55s4wakuztx8c2q0sgraymw2nfxqsdmqx2yvpdm,0.5122442443604481693304693740
account_rdx128aajn5h7j383ewrfgr6gzzj0meez89a0hdgwhln87dfahwmfd6yj6,0.4844480450540672609171881775
account_rdx129eujs0gmhjfex4l8ez0p0p0lj4znkp5eq6xsy0jjucm0evgujstmw,0.4844480450540672609171881775
account_rdx1283kz9dsmswrfmpm8fxe4ghtnz0k0wye8ud78zez3r99qy3kkus9dc,0.4758140472033606435063071950
account_rdx12y6s6xs2ymr5m3pfzw3um4p2ra7mlu9dtzsqcrm2x79ae4nu3jv3nu,0.4682190355447560076764614165
account_rdx169kzhh5q29skyw7g6saevam3azvd4yj0f4wf03j673hjhzlefre2zl,0.4367974176716999893515619520
account_rdx168shdgv9kxkevy2rmv6lvqz5qm3k22k0x67y0u4plkxs6u6nzdemgm,0.4367974176716999893515619520
account_rdx1687eylz9lqdssfmu6x596k07k0e2t7n8uhylyxnxwzl58dw62ja0d4,0.4367974176716999893515619520
account_rdx16yzf5jpc3hfakzr0gtemw58unfktchlkrmgzk6t9w4nzp2al50cgqx,0.4367974176716999893515619520
account_rdx16yu680l47v3h0yd36n9rvz8wrz2hxu9tn0n6u6xdms2u47vjr47df4,0.4129721039805163535687507175
account_rdx1294w90c6zgwzyc2udp5l7w8gfn5mu09u7ydvy4xed0f72m4e099820,0.3980282716005636976148754565
account_rdx16yw4q5v46748xgevx9ktnyqkzk7pa7u7hszz77xv5phe274k46jvnt,0.3970885615197272630468753090
account_rdx12xshwm3huw4832zda8mmjamww05uj4s48gk8hep2hhf948078y66np,0.3970885615197272630468753090
account_rdx16xf9pxkengzu9ynfxpt7uevdv3m3w2n5d48d4aq0rqc7lcfhar80q8,0.3970885615197272630468753090
account_rdx16ytj0f2wv8sfht8zskddyvzgth4qrpsu57kz04j5q5r0uq5rpwvl0r,0.3970885615197272630468753090
account_rdx16xd5tsp5vxmyg2fewhc2ey0zhvgcsfz38alnu695kdmp4vgj60femz,0.3970885615197272630468753090
account_rdx168asfnuc9udhhw3ppn8d57z204faggyavy45ml3ea9ejtf5frfypwd,0.3970885615197272630468753090
account_rdx168k36e5u0aag77whtzjtuw6mlppwert4lrhue6gg8n22hfpsssg392,0.3970885615197272630468753090
account_rdx16x6dav5226cl0capm94tw7mc0gsmt6v25atxsvx6fckfs63qajl2nm,0.3970885615197272630468753090
account_rdx16x3df00vw8fe2y7y4yh8ldyvnktkze9p83e24u5u3yl5c89wn32l7m,0.3970885615197272630468753090
account_rdx16y5prpklydp30e4vk0ra0ktwdlulv85xvxrp47guuydny74wnefqqw,0.3970885615197272630468753090
account_rdx128xnv6fqcldedh76gdpgznk2ewks2cy56ln7pzqku6errz9jczqqss,0.3970885615197272630468753090
account_rdx16xsjjugp4p9qqcvp0umqxp4em8pn06lq3560yl4ka92rexnn5sakfj,0.3970885615197272630468753090
account_rdx16yghg9fpydw5rhcrtah57rpm4cp9fs72sm5sa6ujh7z4ygvr9z75cp,0.3970885615197272630468753090
account_rdx128dur3shgm9f4w6zvkhypr5vp5njlxd4n8cyzmgd2mn87k60pmr57k,0.3970885615197272630468753090
account_rdx168srcupcn8t02stzfkdtc2hcgp7ky5f377n0tdreurw5g9k3527q64,0.3970885615197272630468753090
account_rdx128hglwch3n0csaflzfmpp6xr3qjmgq3mxxtvsa36jrg9wq4mepu2lv,0.3970885615197272630468753090
account_rdx169nmsqt9cv8cpp7s9q9g943uhapfe0pxcyyx4950dk8h7cc3mf6tpv,0.3970885615197272630468753090
account_rdx128f9nyd8pkq0djl8d3gnrh2krhs7xqfqxkk25psaxcggk80jszdh9q,0.3970885615197272630468753090
account_rdx12x34f36v746376sl69lqax8ccd2wxzux77dnmpm8te0kzump2u3z87,0.3970885615197272630468753090
account_rdx129ccmr7t3a6qfyzq4m62nerzm04kshqjkc3lphvlvczhaguqvsvxdg,0.3970885615197272630468753090
account_rdx16928gk9sqtry6krfxg9pg07h9dh6mkf497uenucewcjy4ndvf7v6ns,0.3970885615197272630468753090
account_rdx16xmnft3jwydu6fx9qpnxx4hwm2tfjxc4zgdnj3myxp8vjqk84gqhvg,0.3970885615197272630468753090
account_rdx168mrkg3kdr26terpgp07r3y86kfq86g9ptdm9hv48lrd8397tn8ptn,0.3970885615197272630468753090
account_rdx168qqt056pcvn5fjy9kdwejnp9fyw35d9t7urgfklpc8awfmenns88k,0.3970885615197272630468753090
account_rdx12xxvx2ldejtzlygr2emygvtd8txs4dy84s3mu6leukxxxheaq9ac6h,0.3891467902893327177859367510
account_rdx12yd5xgwd6dkqyd5zpn25fj3fjxlqzh9nqjsvu2h5vwf2wz7gehudrk,0.3712778050209449909488277275
account_rdx16x6j4cvvmmtjv5dfw5vqh75wety6uxrm2z2yx0mzappg5ul978f4jp,0.3454670485221627188507804875
account_rdx129s2v88aegk2daj74dvdkphm6vwggv8hlct8ae0xsgyyg2za39fapw,0.3355398344841695372746103635
account_rdx168ydfsdh77sxhd4fgrtej8hkkefukgqga8xuh9vg3euc4eseqa6fap,0.3295835060613736283289057620
account_rdx16ykgfqn94adk6repfut5y6nm35cvsd37qjedknpuvwu49uwvvaxkj2,0.3176708492157818104374992910
account_rdx168gcvt2v4y89gzfuu8ktd8uhfpkcdslt298kau50u69ya97c56edjn,0.3176708492157818104374992910
account_rdx12x6rthdkkurt0nxpqtc0ez6s3m3ma42tw0xqqar5kkrpzx2rrswmjt,0.3160824949697029013853117160
account_rdx16xgpuxh89ys2m7wzy4j8yg3v6srq2xgsmrw98ch9g6jh9uk3rhzav7,0.3097290779853872651765627820
account_rdx16xavsnklk55msr3ynl7vg4qt6wz8y80ns3vty94an0l6mp2ht22c2k,0.3097290779853872651765627820
account_rdx168rud7sxzjt2ejftqa6rsns9tjnma8k50tyrqvp2pmrhnxzrvlpzkz,0.2779619930638090841328129895
account_rdx16885say0rysvqjygm7y4mwrdc24xderkf40ezulhvdxprgttm0a46q,0.2779619930638090841328129895
account_rdx168xcjdczs6c0fycg7jjazsuwmnup22ytz9esu2klcx8pcua2fqsa9u,0.2779619930638090841328129895
account_rdx12855yzh43ttvhsv397jjsldr69wqf2a5aqkzruqff8smc7m9gzwx65,0.2779619930638090841328129895
account_rdx129ax5ds5kx6mslg7x4rtafe8yrm3nas836rahjun9k7c7j8mz4hn7x,0.2581075649878227209804683020
account_rdx129pxmx0564hhhy5z7vqxtrt2283fy4ztycdd3qr80m8cldrzw20axr,0.2461949081422309030890631970
account_rdx128927efkzklkhdftvu5f3hhwj38tzkex0tvhu2mv2f4lg3kzugx93d,0.2414298454039941759324994475
account_rdx1686wpanpqa4dm329qhr3ydwu3qhf7lv3flccvxq8jjhatmt558wkh2,0.2402385797194349941433589370
account_rdx128e86arvfvj7xcj6u5tksztu8cztzhlk03prygesggrsp5cah9zwqk,0.2382531369118363578281246390
account_rdx12ygpzy2fcum40xxgyelnlkqu782t6qqsqzk64qv3fayfzl374fjl5j,0.2382531369118363578281246390
account_rdx12865ecsxuu4v3vqsmlysemnfag4mk46gjeezlk8lajg6lpajjh7kt4,0.2183987088358499946757820005
account_rdx128klgwel8e2sl8kgxw4lqlwkguj05xssfqgcvd5zx3erpc4w7da0ja,0.2120452918515343584670310175
account_rdx1685dwvtzhenux4scm3vvqmrcjnxryyqhwt6p7490fzsga2xkz8e4wc,0.1985442807598636315234369715
account_rdx12y48etva6gt2y9numw8gaufslvkpyzjzfnk04wtqwmsmhug2sqzjt9,0.1985442807598636315234369715
account_rdx129n9suafv97dmh2tzufg2zm2k444qvcec5j43s7ezkjvf4mq422gzw,0.1985442807598636315234369715
account_rdx12xa3mlnvzt2e84xkvl6d2z6vyjtvcd2qepvy2txk70srw7wyp8sgr6,0.1985442807598636315234369715
account_rdx16x7yjdnp079csn0lt77506v80ppfdwl08r29d3cvnqryaxjewtmlvh,0.1985442807598636315234369715
account_rdx1293hhlchlrq8mu7m8xedtp0z396qwjve5ndsx56ck3uuwdhvcegewn,0.1985442807598636315234369715
account_rdx128ujwwcnz4rvrrysq3mpmyf9268z6hzgfj49muhf890q5c4stxudh6,0.1985442807598636315234369715
account_rdx12yfmz7ceg7t424wdvrf437asaryl89se56m3x987xa9xcamaz68wpn,0.1985442807598636315234369715
account_rdx16999v6d4aqt0ng22ejhm69ds2r3avdjw6rrvyehjp8vlhu6g3yp338,0.1985442807598636315234369715
account_rdx168yz29uua2mmdcjvy3s6rm2yfhcwwsuvukv89tjqkt69j6a3ljtdtg,0.1985442807598636315234369715
account_rdx129g9qhjpq7ve9q8vt2qkydgdjj28ch9w4q9ld00ztcdyt8uk4xzxcf,0.1945733951446663588929687170
account_rdx128syw30xax4ekkggy78cy8lg93htslr6xvemnsudnh95vt3z0dytyg,0.1719393471380419048992976515
account_rdx16x9gzjren7taw4cgdyncmpeglf3kp067sx2fv03ag7txazrrmcypgy,0.1667771958382854504796868375
account_rdx16y2l863n8tn0es6fwee6huk0tha6ldz2cz90qzd88jksygc2mx3wdq,0.1628063102230881778492192660
account_rdx129pcnft00k4tphdjhtuvkd40znlz2zu6ydrp9h47daxzjma8mwnlzt,0.1588354246078909052187506700
account_rdx12yu4ux9ywnx8hnamugcprk25yesetmx23tmknexcddlvwnzeg2vh2j,0.1588354246078909052187506700
account_rdx128w0mmfacwq8nh2rjcg7mgf7v2t7njsss9a5hupu87d3m68x9a7dmd,0.1584383360463711779557039470
account_rdx12yvwhzmau5vdkp7egug3m8txfdf4zmxcm04f4274lsceval9779ufg,0.1524820076235752690099996870
account_rdx16xsk2kc9rgutq6lmx79gkl2qwyj96nt6d0ppqyd895p5k860c9wsqj,0.1191265684559181789140626610
account_rdx12yxg3k98xjg304wwsjzp0sewyptcugrtjptgudcetat30x0m29zcuy,0.1191265684559181789140626610
account_rdx169j9t5gmfmnclhj2vvkzvaurx2sjuxthhg55p6xhpqudgzpemlhpne,0.1191265684559181789140626610
account_rdx12yuqgvswfhvd5qcyt6n560e3ls9z820rfm7c79dsq6jr02dqe6e30m,0.1191265684559181789140626610
account_rdx16xprd67hhzjj2sw6dfr39h6tetmgk8znay5ttc65rueu507xrn6wwu,0.1151556828407209062835940650
account_rdx168vxuy44n390g7hs3ntjt3ljraaxx2c3tetvewzrf7jkstut7zucdr,0.0992721403799318157617193395
account_rdx168qjcmflkpcys4cpgw0mqy83ng4zx7sgmqmth4jvx547rn5nxl67cm,0.0913303691495372705007807815
account_rdx169dev5wchcs6u2up8ar59kxxme7tnn0uk4yz26fvwc9ckgchm6ns56,0.0913303691495372705007807815
account_rdx1684xay0e40ctjdt00e9l36f2v9uzlxw7pwxmxp3nmyljxh62sxmuez,0.0913303691495372705007807815
account_rdx169lj3duq7tuz5hth7kph83mw5xke5mpgj3zpxyhvmq8dg9jw65q30s,0.0913303691495372705007807815
account_rdx168n62dwuyf97kdpemgzkeut9zy5cclujshs32y95yrmgzat2y5s48e,0.0913303691495372705007807815
account_rdx16xlek8ls0ryadjcl928m49r42rwpwdaxkpfgt4mluetlxhusglmmtw,0.0913303691495372705007807815
account_rdx16xhhs2ez092qxs5vcse9usse4ryelwjf56c7t38xxs0e7sna5gdyll,0.0913303691495372705007807815
account_rdx16xerlarrh33zwp9pjluugd55pk5eszxspnyu5t0cwxjjsch8lgcywu,0.0913303691495372705007807815
account_rdx169907la9hldkyqgdngrgs4jn9s7a4el650dw8sgdfrtadnc7a2wkxw,0.0913303691495372705007807815
account_rdx168nsqwhsx4du6nksw4wvqd94a06cmdgn7lavsceacv4wrf9ssarl77,0.0913303691495372705007807815
account_rdx169834rgkjrvfpl35urvmndnj7azln0cnndmh070d7gre7rtssm7njw,0.0913303691495372705007807815
account_rdx168qv9n90t756qh4lml48uhw5tsjdfvf6cqhn2reyspsz8vfnrzj7u6,0.0913303691495372705007807815
account_rdx12yyxa6unhrt8yjzfufkeeuuh2fzy7u5au7ptzkqfh6x5hm2n2xwmd8,0.0794177123039454526093743105
account_rdx12yyzcsupe4yd4ndst0nykv2hvlt5juj2rwml0agydskn3f77skremr,0.0794177123039454526093743105
account_rdx16ydszy8zt0ue264yt0pnelx5dpvupu3td6hgcv8q47g2e68d954t7n,0.0794177123039454526093743105
account_rdx129xn45hm9wty7dvqdfmspydny2qcc954zyfahd0ry9heg3tm54q2qh,0.0794177123039454526093743105
account_rdx12xq7shncfmf8z65s0v5tnlu6792wctd6pu6tlaz6fr948ywcgq7xax,0.0694904982659522710332038450
account_rdx1290sya5dn9uezdury6ng2x52pajfecz8rkfakjk6ywujyfarnhm36a,0.0661814269199545411938879715
account_rdx16xuzuzfrrzyng3j26gp75l0pqw3jyh6kg5795vn3sxzp6jqgeftvp2,0.0595632842279590894570313305
account_rdx1684t2wnphnkuanreermlyy8nmppwd8kqvk53tx2d5jn43fyl4awehg,0.0567836642973209986157032450
account_rdx16xme74awflgt450daqz28x66yhx8l0c37lvu029dccss6um8u7rcrz,0.0516215129975645441960927725
account_rdx16y583yfnuzpuwlq0pxulp3cqjewpks05agc7jg36w9l98ldk5hqg5u,0.0516215129975645441960927725
account_rdx16x0ee5xypunm5zm95kyt339xlwaaegh5znvaj252qqz3044s7qj039,0.0516215129975645441960927725
account_rdx168jf7f0pd5cfuzd84qa6m9jw7xanged5xpc49hkkkx2mav88fl20lk,0.0516215129975645441960927725
account_rdx169wjzcnv4jttr8rhchqygxjthvz4dned5sm080jylzrhxpwzdzwwfq,0.0516215129975645441960927725
account_rdx169y6ex5qfkugk99gm20848mmm2hf4uec3sqpxha849rn74af4nxvz4,0.0516215129975645441960927725
account_rdx16xg94jznqn8yew47rnrrzqy5r30tr7plvzntcurg7vsx2n5mdakdty,0.0516215129975645441960927725
account_rdx16xu080djvn7cqz0ah9h4tlhyc5rr32j9q0sph2hpw6fjgm9rcfzm0d,0.0516215129975645441960927725
account_rdx169pt2vxmsrzlrgeha89d7qkrpwhk37xfxzyl3k7qkwwe72r9tj07x2,0.0516215129975645441960927725
account_rdx168443lwk0ls0smqhk2fefgv9h9u80jq86c230m90w0zs0efnzqy9sd,0.0516215129975645441960927725
account_rdx128zm302ej0sqgyjst74sgmmg4wyqxse8cs2x7kkezlp6ukjp4wesxt,0.0476506273823672715656241765
account_rdx1694s2znztwxf5wp9m9uhg83gf4e3eute6nftfu7t47h34g2qc4ffyd,0.0442470111407696098782062150
account_rdx169qfu73ff3jesjln3y5lgjhwa67q6vmla6dkcy8ztj4uy946uvwf0h,0.0416942989595713626199223070
account_rdx12yetkeae8y3e349se8g5zuqdt83akgs05zrycpkkv529fsfhu0kstn,0.0412972103980516353568752425
account_rdx128kzteksaaudwvu3vpqpzdaufml7qey3rtuhz8zpvclefyregf6d9y,0.0405030332750121808307811135
account_rdx1698qh28glthsmv9at553txjuv670yk4fp5glyasmh5kajm2j3su7hd,0.0405030332750121808307811135
account_rdx16xszn6km2m29m3w6x3mwgakc4x8uas3h22456fymrjrl23eapxwhxc,0.0401059447134924535677347320
account_rdx12y8d5jfu9j040zjsf8y6x3afpel0ykgfx3gs0vv38fvl8gxu28r3tg,0.0401059447134924535677347320
account_rdx129nntlnv7u9lsfar4zeqrh9t6k06t5ml33lkhme9chwd9sphq73g0u,0.0397088561519727263046880090
account_rdx169gu44s89keve8755wfads84t0cd2whlqt62gn93kp50zma60uzs2t,0.0397088561519727263046880090
account_rdx16xcu2c8wk6qrlzfrfjyfep4suyxvg43tgrjrc5gaqj36s7qc0sx7q0,0.0397088561519727263046880090
account_rdx169xwjd8acwjj2p5an4mj8ee3rcuzfhfyqwfgz2xsjpmvwxl99jjmx3,0.0397088561519727263046880090
account_rdx169zsa4l3nm88hjsapyjcw4223w6y9zt0t6s43xkrr76ya9juaxgzm2,0.0397088561519727263046880090
account_rdx16yfc2d8pdt069ggyvsvh40zqp7latc7lshuug49y6q0va3lftc69jy,0.0397088561519727263046880090
account_rdx12x3n466hvxp55dnyllj3rvmkwv34v0yfjwsj9c6srz8q55alpds3zm,0.0397088561519727263046880090
account_rdx16x72rmak48nmgzf5zp482et84xd999yvgnjsxu8mda6camgw2gh3hj,0.0397088561519727263046880090
account_rdx168x5a4vfcz07yk9kze4uw4nswejjdekm2ddm538rhuhenye0z8hpal,0.0397088561519727263046880090
account_rdx12ylhs6t5jggwzcwecvrc2gelrt99ta5jseu5xddkg7nqq99anf3ypy,0.0317670849215781810437497925
account_rdx1289kp3wan60npgfxckepzkmwgwu7d83p5pldl8xcnw3f954f706jt2,0.0277961993063809084132811965
account_rdx12y24yh728qzz9v3nh5da7mf47t9s7y4tl0wk9vt7y4scmdn5t8gkq5,0.0238253136911836357828136250
account_rdx128kzxyqmy89easnkgsmwj3c3ltp8jmsxv92848svzzph3wxzc5j6l3,0.2181228376458648326425869240
account_rdx12x8jaqlc5uu850chhkhjfkjqtrlw0n5xp5dq7r4mrva75gk0javrlx,0.0198544280759863631523433215
account_rdx12y29znwj2gg30y8xwjndca0nk3x0h0s2mww9sngk0fcu3xcckzsx6j,0.0198544280759863631523433215
account_rdx128efc8kmssk432dwfseack3m8lt4ug9hh2j9g55seqzvu3q2qa5qc3,0.0198544280759863631523433215
account_rdx168sj7sf3k8w3vtk4m9753jm0tk6tws6a2cu5cw6nl75yxwnsc34xw0,0.0198544280759863631523433215
account_rdx16865a3mea8scdw9h9lufgrvdenwp52m4rrsmrwf8x92re3dhv7lm35,0.0112376062910082815442268370
account_rdx12ylfkrp6vrr8080czu583je0ck9lk7tw0vt4d30kw3rk7sn5cllqws,0.0039708856151972726304682545
account_rdx129txsfwe49gfk83lv7w8vpkgdqezv8ahwemz8njjmegnlznxu5dmxw,0.0039708856151972726304682545
account_rdx16xcqznzvm58ud0p4ug08xn7848nl6rrtxanx9p45t7m0vls3pxkvz4,29.740261435481770423536490858
account_rdx12xm6ualmt36a8lf4gl9pmtgwn3weddshd6ycy8aqcn54th85hng9q6,1.9826840956987846949024326100
account_rdx12xd857kezpjhnfcfcz5r0vkz5eclq6r0fshv8x52dcp9c9sx4ffyrj,0.1982684095698784694902436025
account_rdx128jhmncullyd0yp2p40jl7fplgacr6wavhmazmhqtvqyu2358auywr,0.5171447330564880520771317565
